"country","date","vaccines","daily_vaccinations"
"Argentina","12/29/2020","Sputnik V","11645"
"Argentina","12/30/2020","Sputnik V","15656"
"Argentina","12/31/2020","Sputnik V","15656"
"Argentina","1/1/2021","Sputnik V","11070"
"Argentina","1/2/2021","Sputnik V","8776"
"Argentina","1/3/2021","Sputnik V","7400"
"Argentina","1/4/2021","Sputnik V","6483"
"Argentina","1/5/2021","Sputnik V","7984"
"Argentina","1/6/2021","Sputnik V","8173"
"Argentina","1/7/2021","Sputnik V","8363"
"Argentina","1/8/2021","Sputnik V","10519"
"Argentina","1/9/2021","Sputnik V","11942"
"Argentina","1/10/2021","Sputnik V","13365"
"Argentina","1/11/2021","Sputnik V","14788"
"Argentina","1/12/2021","Sputnik V","14056"
"Argentina","1/13/2021","Sputnik V","13323"
"Argentina","1/14/2021","Sputnik V","13320"
"Argentina","1/15/2021","Sputnik V","13317"
"Argentina","1/16/2021","Sputnik V","12971"
"Argentina","1/17/2021","Sputnik V","12624"
"Argentina","1/18/2021","Sputnik V","12278"
"Argentina","1/19/2021","Sputnik V","11932"
"Argentina","1/20/2021","Sputnik V","11586"
"Argentina","1/21/2021","Sputnik V","11704"
"Argentina","1/22/2021","Sputnik V","11263"
"Argentina","1/23/2021","Sputnik V","11124"
"Argentina","1/24/2021","Sputnik V","10342"
"Argentina","1/25/2021","Sputnik V","9046"
"Austria","1/5/2021","Pfizer/BioNTech","7850"
"Austria","1/6/2021","Pfizer/BioNTech","3368"
"Austria","1/7/2021","Pfizer/BioNTech","3368"
"Austria","1/8/2021","Pfizer/BioNTech","7263"
"Austria","1/9/2021","Pfizer/BioNTech","5791"
"Austria","1/10/2021","Pfizer/BioNTech","4705"
"Austria","1/11/2021","Pfizer/BioNTech","5031"
"Austria","1/12/2021","Pfizer/BioNTech","6366"
"Austria","1/13/2021","Pfizer/BioNTech","7365"
"Austria","1/14/2021","Pfizer/BioNTech","8429"
"Austria","1/15/2021","Pfizer/BioNTech","7747"
"Austria","1/16/2021","Pfizer/BioNTech","7953"
"Austria","1/17/2021","Pfizer/BioNTech","10129"
"Austria","1/18/2021","Pfizer/BioNTech","11852"
"Austria","1/19/2021","Pfizer/BioNTech","12472"
"Austria","1/20/2021","Pfizer/BioNTech","12489"
"Austria","1/21/2021","Pfizer/BioNTech","12552"
"Austria","1/22/2021","Pfizer/BioNTech","11797"
"Austria","1/23/2021","Pfizer/BioNTech","11765"
"Austria","1/24/2021","Pfizer/BioNTech","9622"
"Bahrain","12/23/2020","Pfizer/BioNTech, Sinopharm","3662"
"Bahrain","12/24/2020","Pfizer/BioNTech, Sinopharm","11106"
"Bahrain","12/25/2020","Pfizer/BioNTech, Sinopharm","5789"
"Bahrain","12/26/2020","Pfizer/BioNTech, Sinopharm","4197"
"Bahrain","12/27/2020","Pfizer/BioNTech, Sinopharm","3662"
"Bahrain","12/28/2020","Pfizer/BioNTech, Sinopharm","3210"
"Bahrain","12/29/2020","Pfizer/BioNTech, Sinopharm","2846"
"Bahrain","12/30/2020","Pfizer/BioNTech, Sinopharm","2622"
"Bahrain","12/31/2020","Pfizer/BioNTech, Sinopharm","1225"
"Bahrain","1/1/2021","Pfizer/BioNTech, Sinopharm","1258"
"Bahrain","1/2/2021","Pfizer/BioNTech, Sinopharm","1220"
"Bahrain","1/3/2021","Pfizer/BioNTech, Sinopharm","1011"
"Bahrain","1/4/2021","Pfizer/BioNTech, Sinopharm","943"
"Bahrain","1/5/2021","Pfizer/BioNTech, Sinopharm","1122"
"Bahrain","1/6/2021","Pfizer/BioNTech, Sinopharm","1594"
"Bahrain","1/7/2021","Pfizer/BioNTech, Sinopharm","1942"
"Bahrain","1/8/2021","Pfizer/BioNTech, Sinopharm","2706"
"Bahrain","1/9/2021","Pfizer/BioNTech, Sinopharm","3437"
"Bahrain","1/10/2021","Pfizer/BioNTech, Sinopharm","4080"
"Bahrain","1/11/2021","Pfizer/BioNTech, Sinopharm","4427"
"Bahrain","1/12/2021","Pfizer/BioNTech, Sinopharm","4840"
"Bahrain","1/13/2021","Pfizer/BioNTech, Sinopharm","4699"
"Bahrain","1/14/2021","Pfizer/BioNTech, Sinopharm","5332"
"Bahrain","1/15/2021","Pfizer/BioNTech, Sinopharm","6361"
"Bahrain","1/16/2021","Pfizer/BioNTech, Sinopharm","7572"
"Bahrain","1/17/2021","Pfizer/BioNTech, Sinopharm","7473"
"Bahrain","1/18/2021","Pfizer/BioNTech, Sinopharm","7176"
"Bahrain","1/19/2021","Pfizer/BioNTech, Sinopharm","6546"
"Bahrain","1/20/2021","Pfizer/BioNTech, Sinopharm","6110"
"Belgium","12/28/2020","Pfizer/BioNTech","3606"
"Belgium","12/29/2020","Pfizer/BioNTech","1"
"Belgium","12/30/2020","Pfizer/BioNTech","234"
"Belgium","12/31/2020","Pfizer/BioNTech","159"
"Belgium","1/1/2021","Pfizer/BioNTech","122"
"Belgium","1/2/2021","Pfizer/BioNTech","97"
"Belgium","1/3/2021","Pfizer/BioNTech","81"
"Belgium","1/4/2021","Pfizer/BioNTech","70"
"Belgium","1/5/2021","Pfizer/BioNTech","283"
"Belgium","1/6/2021","Pfizer/BioNTech","736"
"Belgium","1/7/2021","Pfizer/BioNTech","1855"
"Belgium","1/8/2021","Pfizer/BioNTech","3134"
"Belgium","1/9/2021","Pfizer/BioNTech","3578"
"Belgium","1/10/2021","Pfizer/BioNTech","3634"
"Belgium","1/11/2021","Pfizer/BioNTech","4398"
"Belgium","1/12/2021","Pfizer/BioNTech","6284"
"Belgium","1/13/2021","Pfizer/BioNTech","8558"
"Belgium","1/14/2021","Pfizer/BioNTech","10320"
"Belgium","1/15/2021","Pfizer/BioNTech","12023"
"Belgium","1/16/2021","Pfizer/BioNTech","12246"
"Belgium","1/17/2021","Pfizer/BioNTech","12582"
"Belgium","1/18/2021","Pfizer/BioNTech","13135"
"Belgium","1/19/2021","Pfizer/BioNTech","13001"
"Belgium","1/20/2021","Pfizer/BioNTech","12222"
"Belgium","1/21/2021","Pfizer/BioNTech","11112"
"Belgium","1/22/2021","Pfizer/BioNTech","9632"
"Brazil","1/16/2021","Sinovac","17220"
"Brazil","1/17/2021","Sinovac","112"
"Brazil","1/18/2021","Sinovac","554"
"Brazil","1/19/2021","Sinovac","3823"
"Brazil","1/20/2021","Sinovac","7136"
"Brazil","1/21/2021","Sinovac","27304"
"Brazil","1/22/2021","Sinovac","40980"
"Brazil","1/23/2021","Sinovac","76825"
"Brazil","1/24/2021","Sinovac","86373"
"Brazil","1/25/2021","Sinovac","99928"
"Bulgaria","12/29/2020","Moderna, Pfizer/BioNTech","1010"
"Bulgaria","12/30/2020","Moderna, Pfizer/BioNTech","2889"
"Bulgaria","12/31/2020","Moderna, Pfizer/BioNTech","1477"
"Bulgaria","1/1/2021","Moderna, Pfizer/BioNTech","1007"
"Bulgaria","1/2/2021","Moderna, Pfizer/BioNTech","799"
"Bulgaria","1/3/2021","Moderna, Pfizer/BioNTech","675"
"Bulgaria","1/4/2021","Moderna, Pfizer/BioNTech","592"
"Bulgaria","1/5/2021","Moderna, Pfizer/BioNTech","533"
"Bulgaria","1/6/2021","Moderna, Pfizer/BioNTech","472"
"Bulgaria","1/7/2021","Moderna, Pfizer/BioNTech","920"
"Bulgaria","1/8/2021","Moderna, Pfizer/BioNTech","1231"
"Bulgaria","1/9/2021","Moderna, Pfizer/BioNTech","1222"
"Bulgaria","1/10/2021","Moderna, Pfizer/BioNTech","1246"
"Bulgaria","1/11/2021","Moderna, Pfizer/BioNTech","1270"
"Bulgaria","1/12/2021","Moderna, Pfizer/BioNTech","1476"
"Bulgaria","1/13/2021","Moderna, Pfizer/BioNTech","1304"
"Bulgaria","1/14/2021","Moderna, Pfizer/BioNTech","938"
"Bulgaria","1/15/2021","Moderna, Pfizer/BioNTech","682"
"Bulgaria","1/16/2021","Moderna, Pfizer/BioNTech","694"
"Bulgaria","1/17/2021","Moderna, Pfizer/BioNTech","662"
"Bulgaria","1/18/2021","Moderna, Pfizer/BioNTech","782"
"Bulgaria","1/19/2021","Moderna, Pfizer/BioNTech","921"
"Bulgaria","1/20/2021","Moderna, Pfizer/BioNTech","1013"
"Bulgaria","1/21/2021","Moderna, Pfizer/BioNTech","1081"
"Bulgaria","1/22/2021","Moderna, Pfizer/BioNTech","1139"
"Bulgaria","1/23/2021","Moderna, Pfizer/BioNTech","1112"
"Bulgaria","1/24/2021","Moderna, Pfizer/BioNTech","1099"
"Bulgaria","1/25/2021","Moderna, Pfizer/BioNTech","1023"
"Canada","12/14/2020","Moderna, Pfizer/BioNTech","11044"
"Canada","12/15/2020","Moderna, Pfizer/BioNTech","866"
"Canada","12/16/2020","Moderna, Pfizer/BioNTech","1693"
"Canada","12/17/2020","Moderna, Pfizer/BioNTech","2301"
"Canada","12/18/2020","Moderna, Pfizer/BioNTech","2580"
"Canada","12/19/2020","Moderna, Pfizer/BioNTech","2319"
"Canada","12/20/2020","Moderna, Pfizer/BioNTech","2366"
"Canada","12/21/2020","Moderna, Pfizer/BioNTech","2938"
"Canada","12/22/2020","Moderna, Pfizer/BioNTech","3589"
"Canada","12/23/2020","Moderna, Pfizer/BioNTech","4487"
"Canada","12/24/2020","Moderna, Pfizer/BioNTech","5457"
"Canada","12/25/2020","Moderna, Pfizer/BioNTech","5012"
"Canada","12/26/2020","Moderna, Pfizer/BioNTech","5261"
"Canada","12/27/2020","Moderna, Pfizer/BioNTech","5398"
"Canada","12/28/2020","Moderna, Pfizer/BioNTech","5512"
"Canada","12/29/2020","Moderna, Pfizer/BioNTech","6352"
"Canada","12/30/2020","Moderna, Pfizer/BioNTech","6342"
"Canada","12/31/2020","Moderna, Pfizer/BioNTech","7205"
"Canada","1/1/2021","Moderna, Pfizer/BioNTech","8378"
"Canada","1/2/2021","Moderna, Pfizer/BioNTech","9101"
"Canada","1/3/2021","Moderna, Pfizer/BioNTech","9350"
"Canada","1/4/2021","Moderna, Pfizer/BioNTech","11044"
"Canada","1/5/2021","Moderna, Pfizer/BioNTech","12111"
"Canada","1/6/2021","Moderna, Pfizer/BioNTech","14887"
"Canada","1/7/2021","Moderna, Pfizer/BioNTech","17662"
"Canada","1/8/2021","Moderna, Pfizer/BioNTech","22412"
"Canada","1/9/2021","Moderna, Pfizer/BioNTech","26418"
"Canada","1/10/2021","Moderna, Pfizer/BioNTech","29046"
"Canada","1/11/2021","Moderna, Pfizer/BioNTech","31914"
"Canada","1/12/2021","Moderna, Pfizer/BioNTech","33281"
"Canada","1/13/2021","Moderna, Pfizer/BioNTech","33646"
"Canada","1/14/2021","Moderna, Pfizer/BioNTech","34290"
"Canada","1/15/2021","Moderna, Pfizer/BioNTech","35208"
"Canada","1/16/2021","Moderna, Pfizer/BioNTech","35134"
"Canada","1/17/2021","Moderna, Pfizer/BioNTech","35670"
"Canada","1/18/2021","Moderna, Pfizer/BioNTech","36358"
"Canada","1/19/2021","Moderna, Pfizer/BioNTech","37521"
"Canada","1/20/2021","Moderna, Pfizer/BioNTech","39576"
"Canada","1/21/2021","Moderna, Pfizer/BioNTech","39910"
"Canada","1/22/2021","Moderna, Pfizer/BioNTech","38417"
"Canada","1/23/2021","Moderna, Pfizer/BioNTech","36850"
"Canada","1/24/2021","Moderna, Pfizer/BioNTech","35101"
"Canada","1/25/2021","Moderna, Pfizer/BioNTech","32183"
"Chile","12/24/2020","Pfizer/BioNTech","1291"
"Chile","12/25/2020","Pfizer/BioNTech","4771"
"Chile","12/26/2020","Pfizer/BioNTech","3958"
"Chile","12/27/2020","Pfizer/BioNTech","2742"
"Chile","12/28/2020","Pfizer/BioNTech","2069"
"Chile","12/29/2020","Pfizer/BioNTech","1665"
"Chile","12/30/2020","Pfizer/BioNTech","1396"
"Chile","12/31/2020","Pfizer/BioNTech","1204"
"Chile","1/1/2021","Pfizer/BioNTech","530"
"Chile","1/2/2021","Pfizer/BioNTech","88"
"Chile","1/3/2021","Pfizer/BioNTech","51"
"Chile","1/4/2021","Pfizer/BioNTech","51"
"Chile","1/5/2021","Pfizer/BioNTech","250"
"Chile","1/6/2021","Pfizer/BioNTech","272"
"Chile","1/7/2021","Pfizer/BioNTech","344"
"Chile","1/8/2021","Pfizer/BioNTech","417"
"Chile","1/9/2021","Pfizer/BioNTech","489"
"Chile","1/10/2021","Pfizer/BioNTech","562"
"Chile","1/11/2021","Pfizer/BioNTech","635"
"Chile","1/12/2021","Pfizer/BioNTech","508"
"Chile","1/13/2021","Pfizer/BioNTech","559"
"Chile","1/14/2021","Pfizer/BioNTech","1038"
"Chile","1/15/2021","Pfizer/BioNTech","1437"
"Chile","1/16/2021","Pfizer/BioNTech","1366"
"Chile","1/17/2021","Pfizer/BioNTech","1291"
"Chile","1/18/2021","Pfizer/BioNTech","2699"
"Chile","1/19/2021","Pfizer/BioNTech","5267"
"Chile","1/20/2021","Pfizer/BioNTech","5632"
"Chile","1/21/2021","Pfizer/BioNTech","6328"
"Chile","1/22/2021","Pfizer/BioNTech","5882"
"Chile","1/23/2021","Pfizer/BioNTech","6000"
"Chile","1/24/2021","Pfizer/BioNTech","6020"
"Chile","1/25/2021","Pfizer/BioNTech","4557"
"China","12/15/2020","CNBG, Sinovac","276786"
"China","12/16/2020","CNBG, Sinovac","187500"
"China","12/17/2020","CNBG, Sinovac","187500"
"China","12/18/2020","CNBG, Sinovac","187500"
"China","12/19/2020","CNBG, Sinovac","187500"
"China","12/20/2020","CNBG, Sinovac","187500"
"China","12/21/2020","CNBG, Sinovac","187500"
"China","12/22/2020","CNBG, Sinovac","187500"
"China","12/23/2020","CNBG, Sinovac","187500"
"China","12/24/2020","CNBG, Sinovac","187500"
"China","12/25/2020","CNBG, Sinovac","187500"
"China","12/26/2020","CNBG, Sinovac","187500"
"China","12/27/2020","CNBG, Sinovac","187500"
"China","12/28/2020","CNBG, Sinovac","187500"
"China","12/29/2020","CNBG, Sinovac","187500"
"China","12/30/2020","CNBG, Sinovac","187500"
"China","12/31/2020","CNBG, Sinovac","187500"
"China","1/1/2021","CNBG, Sinovac","232143"
"China","1/2/2021","CNBG, Sinovac","276786"
"China","1/3/2021","CNBG, Sinovac","321429"
"China","1/4/2021","CNBG, Sinovac","366071"
"China","1/5/2021","CNBG, Sinovac","410714"
"China","1/6/2021","CNBG, Sinovac","455357"
"China","1/7/2021","CNBG, Sinovac","500000"
"China","1/8/2021","CNBG, Sinovac","500000"
"China","1/9/2021","CNBG, Sinovac","500000"
"China","1/10/2021","CNBG, Sinovac","464286"
"China","1/11/2021","CNBG, Sinovac","428571"
"China","1/12/2021","CNBG, Sinovac","392857"
"China","1/13/2021","CNBG, Sinovac","357143"
"China","1/14/2021","CNBG, Sinovac","387755"
"China","1/15/2021","CNBG, Sinovac","418367"
"China","1/16/2021","CNBG, Sinovac","448980"
"China","1/17/2021","CNBG, Sinovac","515306"
"China","1/18/2021","CNBG, Sinovac","581633"
"China","1/19/2021","CNBG, Sinovac","647959"
"China","1/20/2021","CNBG, Sinovac","714286"
"Costa Rica","12/24/2020","Pfizer/BioNTech","675.5"
"Costa Rica","12/25/2020","Pfizer/BioNTech","240"
"Costa Rica","12/26/2020","Pfizer/BioNTech","240"
"Costa Rica","12/27/2020","Pfizer/BioNTech","240"
"Costa Rica","12/28/2020","Pfizer/BioNTech","240"
"Costa Rica","12/29/2020","Pfizer/BioNTech","240"
"Costa Rica","12/30/2020","Pfizer/BioNTech","240"
"Costa Rica","12/31/2020","Pfizer/BioNTech","240"
"Costa Rica","1/1/2021","Pfizer/BioNTech","240"
"Costa Rica","1/2/2021","Pfizer/BioNTech","240"
"Costa Rica","1/3/2021","Pfizer/BioNTech","240"
"Costa Rica","1/4/2021","Pfizer/BioNTech","414"
"Costa Rica","1/5/2021","Pfizer/BioNTech","588"
"Costa Rica","1/6/2021","Pfizer/BioNTech","763"
"Costa Rica","1/7/2021","Pfizer/BioNTech","937"
"Costa Rica","1/8/2021","Pfizer/BioNTech","1111"
"Costa Rica","1/9/2021","Pfizer/BioNTech","1385"
"Costa Rica","1/10/2021","Pfizer/BioNTech","1659"
"Costa Rica","1/11/2021","Pfizer/BioNTech","1759"
"Costa Rica","1/12/2021","Pfizer/BioNTech","1859"
"Costa Rica","1/13/2021","Pfizer/BioNTech","1959"
"Costa Rica","1/14/2021","Pfizer/BioNTech","2058"
"Costa Rica","1/15/2021","Pfizer/BioNTech","2158"
"Costa Rica","1/16/2021","Pfizer/BioNTech","2066"
"Costa Rica","1/17/2021","Pfizer/BioNTech","1973"
"Costa Rica","1/18/2021","Pfizer/BioNTech","1880"
"Croatia","12/30/2020","Pfizer/BioNTech","2485"
"Croatia","12/31/2020","Pfizer/BioNTech","1105"
"Croatia","1/1/2021","Pfizer/BioNTech","1105"
"Croatia","1/2/2021","Pfizer/BioNTech","1105"
"Croatia","1/3/2021","Pfizer/BioNTech","1105"
"Croatia","1/4/2021","Pfizer/BioNTech","1036"
"Croatia","1/5/2021","Pfizer/BioNTech","989"
"Croatia","1/6/2021","Pfizer/BioNTech","1334"
"Croatia","1/7/2021","Pfizer/BioNTech","1662"
"Croatia","1/8/2021","Pfizer/BioNTech","2130"
"Croatia","1/9/2021","Pfizer/BioNTech","2689"
"Croatia","1/10/2021","Pfizer/BioNTech","2693"
"Croatia","1/11/2021","Pfizer/BioNTech","2748"
"Croatia","1/12/2021","Pfizer/BioNTech","2802"
"Croatia","1/13/2021","Pfizer/BioNTech","2479"
"Croatia","1/14/2021","Pfizer/BioNTech","2485"
"Croatia","1/15/2021","Pfizer/BioNTech","2364"
"Croatia","1/16/2021","Pfizer/BioNTech","2272"
"Croatia","1/17/2021","Pfizer/BioNTech","2510"
"Croatia","1/18/2021","Pfizer/BioNTech","2747"
"Croatia","1/19/2021","Pfizer/BioNTech","2984"
"Croatia","1/20/2021","Pfizer/BioNTech","3329"
"Croatia","1/21/2021","Pfizer/BioNTech","3343"
"Croatia","1/22/2021","Pfizer/BioNTech","3346"
"Croatia","1/23/2021","Pfizer/BioNTech","2960"
"Croatia","1/24/2021","Pfizer/BioNTech","2800"
"Croatia","1/25/2021","Pfizer/BioNTech","2640"
"Cyprus","1/6/2021","Pfizer/BioNTech","708"
"Cyprus","1/7/2021","Pfizer/BioNTech","534"
"Cyprus","1/8/2021","Pfizer/BioNTech","534"
"Cyprus","1/9/2021","Pfizer/BioNTech","534"
"Cyprus","1/10/2021","Pfizer/BioNTech","534"
"Cyprus","1/11/2021","Pfizer/BioNTech","594"
"Cyprus","1/12/2021","Pfizer/BioNTech","635"
"Cyprus","1/13/2021","Pfizer/BioNTech","664"
"Cyprus","1/14/2021","Pfizer/BioNTech","708"
"Cyprus","1/15/2021","Pfizer/BioNTech","751"
"Cyprus","1/16/2021","Pfizer/BioNTech","821"
"Cyprus","1/17/2021","Pfizer/BioNTech","891"
"Cyprus","1/18/2021","Pfizer/BioNTech","917"
"Cyprus","1/19/2021","Pfizer/BioNTech","943"
"Cyprus","1/20/2021","Pfizer/BioNTech","969"
"Cyprus","1/21/2021","Pfizer/BioNTech","996"
"Cyprus","1/22/2021","Pfizer/BioNTech","1022"
"Czechia","12/27/2020","Moderna, Pfizer/BioNTech","5378"
"Czechia","12/28/2020","Moderna, Pfizer/BioNTech","2229"
"Czechia","12/29/2020","Moderna, Pfizer/BioNTech","2798"
"Czechia","12/30/2020","Moderna, Pfizer/BioNTech","3010"
"Czechia","12/31/2020","Moderna, Pfizer/BioNTech","2583"
"Czechia","1/1/2021","Moderna, Pfizer/BioNTech","2119"
"Czechia","1/2/2021","Moderna, Pfizer/BioNTech","1974"
"Czechia","1/3/2021","Moderna, Pfizer/BioNTech","1822"
"Czechia","1/4/2021","Moderna, Pfizer/BioNTech","1994"
"Czechia","1/5/2021","Moderna, Pfizer/BioNTech","2128"
"Czechia","1/6/2021","Moderna, Pfizer/BioNTech","2439"
"Czechia","1/7/2021","Moderna, Pfizer/BioNTech","3361"
"Czechia","1/8/2021","Moderna, Pfizer/BioNTech","4730"
"Czechia","1/9/2021","Moderna, Pfizer/BioNTech","4832"
"Czechia","1/10/2021","Moderna, Pfizer/BioNTech","4944"
"Czechia","1/11/2021","Moderna, Pfizer/BioNTech","5812"
"Czechia","1/12/2021","Moderna, Pfizer/BioNTech","7042"
"Czechia","1/13/2021","Moderna, Pfizer/BioNTech","8132"
"Czechia","1/14/2021","Moderna, Pfizer/BioNTech","9103"
"Czechia","1/15/2021","Moderna, Pfizer/BioNTech","9588"
"Czechia","1/16/2021","Moderna, Pfizer/BioNTech","9771"
"Czechia","1/17/2021","Moderna, Pfizer/BioNTech","9963"
"Czechia","1/18/2021","Moderna, Pfizer/BioNTech","10515"
"Czechia","1/19/2021","Moderna, Pfizer/BioNTech","10743"
"Czechia","1/20/2021","Moderna, Pfizer/BioNTech","10919"
"Czechia","1/21/2021","Moderna, Pfizer/BioNTech","11087"
"Czechia","1/22/2021","Moderna, Pfizer/BioNTech","11174"
"Czechia","1/23/2021","Moderna, Pfizer/BioNTech","11220"
"Czechia","1/24/2021","Moderna, Pfizer/BioNTech","11136"
"Czechia","1/25/2021","Moderna, Pfizer/BioNTech","9226"
"Denmark","12/27/2020","Moderna, Pfizer/BioNTech","7095.5"
"Denmark","12/28/2020","Moderna, Pfizer/BioNTech","1994"
"Denmark","12/29/2020","Moderna, Pfizer/BioNTech","5527"
"Denmark","12/30/2020","Moderna, Pfizer/BioNTech","7525"
"Denmark","12/31/2020","Moderna, Pfizer/BioNTech","7223"
"Denmark","1/1/2021","Moderna, Pfizer/BioNTech","6254"
"Denmark","1/2/2021","Moderna, Pfizer/BioNTech","6712"
"Denmark","1/3/2021","Moderna, Pfizer/BioNTech","6616"
"Denmark","1/4/2021","Moderna, Pfizer/BioNTech","6679"
"Denmark","1/5/2021","Moderna, Pfizer/BioNTech","7319"
"Denmark","1/6/2021","Moderna, Pfizer/BioNTech","8525"
"Denmark","1/7/2021","Moderna, Pfizer/BioNTech","10138"
"Denmark","1/8/2021","Moderna, Pfizer/BioNTech","11022"
"Denmark","1/9/2021","Moderna, Pfizer/BioNTech","10008"
"Denmark","1/10/2021","Moderna, Pfizer/BioNTech","9261"
"Denmark","1/11/2021","Moderna, Pfizer/BioNTech","9008"
"Denmark","1/12/2021","Moderna, Pfizer/BioNTech","7139"
"Denmark","1/13/2021","Moderna, Pfizer/BioNTech","6098"
"Denmark","1/14/2021","Moderna, Pfizer/BioNTech","6122"
"Denmark","1/15/2021","Moderna, Pfizer/BioNTech","7052"
"Denmark","1/16/2021","Moderna, Pfizer/BioNTech","7451"
"Denmark","1/17/2021","Moderna, Pfizer/BioNTech","7800"
"Denmark","1/18/2021","Moderna, Pfizer/BioNTech","8567"
"Denmark","1/19/2021","Moderna, Pfizer/BioNTech","9160"
"Denmark","1/20/2021","Moderna, Pfizer/BioNTech","7840"
"Denmark","1/21/2021","Moderna, Pfizer/BioNTech","5852"
"Denmark","1/22/2021","Moderna, Pfizer/BioNTech","4568"
"Denmark","1/23/2021","Moderna, Pfizer/BioNTech","4948"
"Denmark","1/24/2021","Moderna, Pfizer/BioNTech","5299"
"Denmark","1/25/2021","Moderna, Pfizer/BioNTech","4439"
"Ecuador","1/21/2021","Pfizer/BioNTech","54"
"Ecuador","1/22/2021","Pfizer/BioNTech","108"
"England","12/20/2020","Oxford/AstraZeneca, Pfizer/BioNTech","107310.5"
"England","12/21/2020","Oxford/AstraZeneca, Pfizer/BioNTech","37625"
"England","12/22/2020","Oxford/AstraZeneca, Pfizer/BioNTech","37625"
"England","12/23/2020","Oxford/AstraZeneca, Pfizer/BioNTech","37625"
"England","12/24/2020","Oxford/AstraZeneca, Pfizer/BioNTech","37625"
"England","12/25/2020","Oxford/AstraZeneca, Pfizer/BioNTech","37625"
"England","12/26/2020","Oxford/AstraZeneca, Pfizer/BioNTech","37625"
"England","12/27/2020","Oxford/AstraZeneca, Pfizer/BioNTech","37625"
"England","12/28/2020","Oxford/AstraZeneca, Pfizer/BioNTech","39253"
"England","12/29/2020","Oxford/AstraZeneca, Pfizer/BioNTech","40882"
"England","12/30/2020","Oxford/AstraZeneca, Pfizer/BioNTech","42511"
"England","12/31/2020","Oxford/AstraZeneca, Pfizer/BioNTech","44139"
"England","1/1/2021","Oxford/AstraZeneca, Pfizer/BioNTech","45768"
"England","1/2/2021","Oxford/AstraZeneca, Pfizer/BioNTech","47396"
"England","1/3/2021","Oxford/AstraZeneca, Pfizer/BioNTech","49025"
"England","1/4/2021","Oxford/AstraZeneca, Pfizer/BioNTech","65678"
"England","1/5/2021","Oxford/AstraZeneca, Pfizer/BioNTech","82331"
"England","1/6/2021","Oxford/AstraZeneca, Pfizer/BioNTech","98984"
"England","1/7/2021","Oxford/AstraZeneca, Pfizer/BioNTech","115637"
"England","1/8/2021","Oxford/AstraZeneca, Pfizer/BioNTech","132290"
"England","1/9/2021","Oxford/AstraZeneca, Pfizer/BioNTech","148943"
"England","1/10/2021","Oxford/AstraZeneca, Pfizer/BioNTech","165596"
"England","1/11/2021","Oxford/AstraZeneca, Pfizer/BioNTech","162002"
"England","1/12/2021","Oxford/AstraZeneca, Pfizer/BioNTech","165152"
"England","1/13/2021","Oxford/AstraZeneca, Pfizer/BioNTech","176950"
"England","1/14/2021","Oxford/AstraZeneca, Pfizer/BioNTech","193243"
"England","1/15/2021","Oxford/AstraZeneca, Pfizer/BioNTech","215973"
"England","1/16/2021","Oxford/AstraZeneca, Pfizer/BioNTech","231918"
"England","1/17/2021","Oxford/AstraZeneca, Pfizer/BioNTech","230525"
"England","1/18/2021","Oxford/AstraZeneca, Pfizer/BioNTech","234877"
"England","1/19/2021","Oxford/AstraZeneca, Pfizer/BioNTech","251122"
"England","1/20/2021","Oxford/AstraZeneca, Pfizer/BioNTech","261507"
"England","1/21/2021","Oxford/AstraZeneca, Pfizer/BioNTech","272972"
"England","1/22/2021","Oxford/AstraZeneca, Pfizer/BioNTech","287384"
"England","1/23/2021","Oxford/AstraZeneca, Pfizer/BioNTech","311226"
"England","1/24/2021","Oxford/AstraZeneca, Pfizer/BioNTech","317419"
"Estonia","12/28/2020","Pfizer/BioNTech","1043"
"Estonia","12/29/2020","Pfizer/BioNTech","309"
"Estonia","12/30/2020","Pfizer/BioNTech","338"
"Estonia","12/31/2020","Pfizer/BioNTech","567"
"Estonia","1/1/2021","Pfizer/BioNTech","570"
"Estonia","1/2/2021","Pfizer/BioNTech","459"
"Estonia","1/3/2021","Pfizer/BioNTech","385"
"Estonia","1/4/2021","Pfizer/BioNTech","333"
"Estonia","1/5/2021","Pfizer/BioNTech","382"
"Estonia","1/6/2021","Pfizer/BioNTech","589"
"Estonia","1/7/2021","Pfizer/BioNTech","675"
"Estonia","1/8/2021","Pfizer/BioNTech","784"
"Estonia","1/9/2021","Pfizer/BioNTech","1099"
"Estonia","1/10/2021","Pfizer/BioNTech","1176"
"Estonia","1/11/2021","Pfizer/BioNTech","1205"
"Estonia","1/12/2021","Pfizer/BioNTech","1244"
"Estonia","1/13/2021","Pfizer/BioNTech","1210"
"Estonia","1/14/2021","Pfizer/BioNTech","1178"
"Estonia","1/15/2021","Pfizer/BioNTech","1243"
"Estonia","1/16/2021","Pfizer/BioNTech","1109"
"Estonia","1/17/2021","Pfizer/BioNTech","1061"
"Estonia","1/18/2021","Pfizer/BioNTech","1043"
"Estonia","1/19/2021","Pfizer/BioNTech","1060"
"Estonia","1/20/2021","Pfizer/BioNTech","1000"
"Estonia","1/21/2021","Pfizer/BioNTech","1015"
"Estonia","1/22/2021","Pfizer/BioNTech","1074"
"Estonia","1/23/2021","Pfizer/BioNTech","1106"
"Estonia","1/24/2021","Pfizer/BioNTech","1112"
"Estonia","1/25/2021","Pfizer/BioNTech","1122"
"Finland","12/31/2020","Pfizer/BioNTech","2035.5"
"Finland","1/1/2021","Pfizer/BioNTech","459"
"Finland","1/2/2021","Pfizer/BioNTech","459"
"Finland","1/3/2021","Pfizer/BioNTech","459"
"Finland","1/4/2021","Pfizer/BioNTech","459"
"Finland","1/5/2021","Pfizer/BioNTech","736"
"Finland","1/6/2021","Pfizer/BioNTech","839"
"Finland","1/7/2021","Pfizer/BioNTech","913"
"Finland","1/8/2021","Pfizer/BioNTech","1273"
"Finland","1/9/2021","Pfizer/BioNTech","1353"
"Finland","1/10/2021","Pfizer/BioNTech","1433"
"Finland","1/11/2021","Pfizer/BioNTech","1513"
"Finland","1/12/2021","Pfizer/BioNTech","1739"
"Finland","1/13/2021","Pfizer/BioNTech","2332"
"Finland","1/14/2021","Pfizer/BioNTech","3554"
"Finland","1/15/2021","Pfizer/BioNTech","4573"
"Finland","1/16/2021","Pfizer/BioNTech","4971"
"Finland","1/17/2021","Pfizer/BioNTech","5369"
"Finland","1/18/2021","Pfizer/BioNTech","5767"
"Finland","1/19/2021","Pfizer/BioNTech","5458"
"Finland","1/20/2021","Pfizer/BioNTech","5562"
"Finland","1/21/2021","Pfizer/BioNTech","6467"
"Finland","1/22/2021","Pfizer/BioNTech","6874"
"Finland","1/23/2021","Pfizer/BioNTech","7253"
"Finland","1/24/2021","Pfizer/BioNTech","7633"
"Finland","1/25/2021","Pfizer/BioNTech","8012"
"France","1/4/2021","Pfizer/BioNTech","41496"
"France","1/5/2021","Pfizer/BioNTech","5000"
"France","1/6/2021","Pfizer/BioNTech","8500"
"France","1/7/2021","Pfizer/BioNTech","14667"
"France","1/8/2021","Pfizer/BioNTech","20000"
"France","1/9/2021","Pfizer/BioNTech","18800"
"France","1/10/2021","Pfizer/BioNTech","17667"
"France","1/11/2021","Pfizer/BioNTech","19622"
"France","1/12/2021","Pfizer/BioNTech","26262"
"France","1/13/2021","Pfizer/BioNTech","32738"
"France","1/14/2021","Pfizer/BioNTech","39031"
"France","1/15/2021","Pfizer/BioNTech","43961"
"France","1/16/2021","Pfizer/BioNTech","45435"
"France","1/17/2021","Pfizer/BioNTech","45018"
"France","1/18/2021","Pfizer/BioNTech","48789"
"France","1/19/2021","Pfizer/BioNTech","56547"
"France","1/20/2021","Pfizer/BioNTech","63659"
"France","1/21/2021","Pfizer/BioNTech","72193"
"France","1/22/2021","Pfizer/BioNTech","82058"
"France","1/23/2021","Pfizer/BioNTech","85096"
"France","1/24/2021","Pfizer/BioNTech","86392"
"France","1/25/2021","Pfizer/BioNTech","87584"
"Germany","12/27/2020","Moderna, Pfizer/BioNTech","51184"
"Germany","12/28/2020","Moderna, Pfizer/BioNTech","19721"
"Germany","12/29/2020","Moderna, Pfizer/BioNTech","31436"
"Germany","12/30/2020","Moderna, Pfizer/BioNTech","40119"
"Germany","12/31/2020","Moderna, Pfizer/BioNTech","39570"
"Germany","1/1/2021","Moderna, Pfizer/BioNTech","37778"
"Germany","1/2/2021","Moderna, Pfizer/BioNTech","38986"
"Germany","1/3/2021","Moderna, Pfizer/BioNTech","36924"
"Germany","1/4/2021","Moderna, Pfizer/BioNTech","41060"
"Germany","1/5/2021","Moderna, Pfizer/BioNTech","42191"
"Germany","1/6/2021","Moderna, Pfizer/BioNTech","42015"
"Germany","1/7/2021","Moderna, Pfizer/BioNTech","44865"
"Germany","1/8/2021","Moderna, Pfizer/BioNTech","48794"
"Germany","1/9/2021","Moderna, Pfizer/BioNTech","50053"
"Germany","1/10/2021","Moderna, Pfizer/BioNTech","51184"
"Germany","1/11/2021","Moderna, Pfizer/BioNTech","53647"
"Germany","1/12/2021","Moderna, Pfizer/BioNTech","57811"
"Germany","1/13/2021","Moderna, Pfizer/BioNTech","63158"
"Germany","1/14/2021","Moderna, Pfizer/BioNTech","69184"
"Germany","1/15/2021","Moderna, Pfizer/BioNTech","73836"
"Germany","1/16/2021","Moderna, Pfizer/BioNTech","73987"
"Germany","1/17/2021","Moderna, Pfizer/BioNTech","75782"
"Germany","1/18/2021","Moderna, Pfizer/BioNTech","76079"
"Germany","1/19/2021","Moderna, Pfizer/BioNTech","76635"
"Germany","1/20/2021","Moderna, Pfizer/BioNTech","80136"
"Germany","1/21/2021","Moderna, Pfizer/BioNTech","78281"
"Germany","1/22/2021","Moderna, Pfizer/BioNTech","80900"
"Germany","1/23/2021","Moderna, Pfizer/BioNTech","85088"
"Germany","1/24/2021","Moderna, Pfizer/BioNTech","87377"
"Gibraltar","1/10/2021","Pfizer/BioNTech","713"
"Gibraltar","1/11/2021","Pfizer/BioNTech","1025"
"Gibraltar","1/12/2021","Pfizer/BioNTech","1040"
"Gibraltar","1/13/2021","Pfizer/BioNTech","986"
"Gibraltar","1/14/2021","Pfizer/BioNTech","959"
"Gibraltar","1/15/2021","Pfizer/BioNTech","943"
"Gibraltar","1/16/2021","Pfizer/BioNTech","904"
"Gibraltar","1/17/2021","Pfizer/BioNTech","775"
"Gibraltar","1/18/2021","Pfizer/BioNTech","713"
"Gibraltar","1/19/2021","Pfizer/BioNTech","645"
"Gibraltar","1/20/2021","Pfizer/BioNTech","520"
"Gibraltar","1/21/2021","Pfizer/BioNTech","527"
"Gibraltar","1/22/2021","Pfizer/BioNTech","535"
"Gibraltar","1/23/2021","Pfizer/BioNTech","566"
"Gibraltar","1/24/2021","Pfizer/BioNTech","642"
"Greece","12/28/2020","Pfizer/BioNTech","5290"
"Greece","12/29/2020","Pfizer/BioNTech","670"
"Greece","12/30/2020","Pfizer/BioNTech","662"
"Greece","12/31/2020","Pfizer/BioNTech","642"
"Greece","1/1/2021","Pfizer/BioNTech","551"
"Greece","1/2/2021","Pfizer/BioNTech","549"
"Greece","1/3/2021","Pfizer/BioNTech","576"
"Greece","1/4/2021","Pfizer/BioNTech","1370"
"Greece","1/5/2021","Pfizer/BioNTech","2168"
"Greece","1/6/2021","Pfizer/BioNTech","2680"
"Greece","1/7/2021","Pfizer/BioNTech","3385"
"Greece","1/8/2021","Pfizer/BioNTech","4599"
"Greece","1/9/2021","Pfizer/BioNTech","5290"
"Greece","1/10/2021","Pfizer/BioNTech","5748"
"Greece","1/11/2021","Pfizer/BioNTech","5667"
"Greece","1/12/2021","Pfizer/BioNTech","5709"
"Greece","1/13/2021","Pfizer/BioNTech","6308"
"Greece","1/14/2021","Pfizer/BioNTech","6384"
"Greece","1/15/2021","Pfizer/BioNTech","5784"
"Greece","1/16/2021","Pfizer/BioNTech","5654"
"Greece","1/17/2021","Pfizer/BioNTech","5486"
"Greece","1/18/2021","Pfizer/BioNTech","5083"
"Greece","1/19/2021","Pfizer/BioNTech","5283"
"Greece","1/20/2021","Pfizer/BioNTech","6102"
"Greece","1/21/2021","Pfizer/BioNTech","7522"
"Greece","1/22/2021","Pfizer/BioNTech","9371"
"Greece","1/23/2021","Pfizer/BioNTech","11092"
"Greece","1/24/2021","Pfizer/BioNTech","12128"
"Greece","1/25/2021","Pfizer/BioNTech","13165"
"Hungary","12/28/2020","Pfizer/BioNTech","5464.5"
"Hungary","12/29/2020","Pfizer/BioNTech","1367"
"Hungary","12/30/2020","Pfizer/BioNTech","1348"
"Hungary","12/31/2020","Pfizer/BioNTech","1339"
"Hungary","1/1/2021","Pfizer/BioNTech","1578"
"Hungary","1/2/2021","Pfizer/BioNTech","1722"
"Hungary","1/3/2021","Pfizer/BioNTech","1818"
"Hungary","1/4/2021","Pfizer/BioNTech","1987"
"Hungary","1/5/2021","Pfizer/BioNTech","2648"
"Hungary","1/6/2021","Pfizer/BioNTech","3959"
"Hungary","1/7/2021","Pfizer/BioNTech","5348"
"Hungary","1/8/2021","Pfizer/BioNTech","6375"
"Hungary","1/9/2021","Pfizer/BioNTech","7402"
"Hungary","1/10/2021","Pfizer/BioNTech","8429"
"Hungary","1/11/2021","Pfizer/BioNTech","9083"
"Hungary","1/12/2021","Pfizer/BioNTech","9418"
"Hungary","1/13/2021","Pfizer/BioNTech","9229"
"Hungary","1/14/2021","Pfizer/BioNTech","9026"
"Hungary","1/15/2021","Pfizer/BioNTech","8688"
"Hungary","1/16/2021","Pfizer/BioNTech","8347"
"Hungary","1/17/2021","Pfizer/BioNTech","7455"
"Hungary","1/18/2021","Pfizer/BioNTech","7536"
"Hungary","1/19/2021","Pfizer/BioNTech","6618"
"Hungary","1/20/2021","Pfizer/BioNTech","6069"
"Hungary","1/21/2021","Pfizer/BioNTech","5581"
"Hungary","1/22/2021","Pfizer/BioNTech","5326"
"Hungary","1/23/2021","Pfizer/BioNTech","4778"
"Hungary","1/24/2021","Pfizer/BioNTech","4701"
"Iceland","12/30/2020","Moderna, Pfizer/BioNTech","63"
"Iceland","12/31/2020","Moderna, Pfizer/BioNTech","63"
"Iceland","1/1/2021","Moderna, Pfizer/BioNTech","63"
"Iceland","1/2/2021","Moderna, Pfizer/BioNTech","63"
"Iceland","1/3/2021","Moderna, Pfizer/BioNTech","63"
"Iceland","1/4/2021","Moderna, Pfizer/BioNTech","63"
"Iceland","1/5/2021","Moderna, Pfizer/BioNTech","63"
"Iceland","1/6/2021","Moderna, Pfizer/BioNTech","63"
"Iceland","1/7/2021","Moderna, Pfizer/BioNTech","63"
"Iceland","1/8/2021","Moderna, Pfizer/BioNTech","63"
"Iceland","1/9/2021","Moderna, Pfizer/BioNTech","63"
"Iceland","1/10/2021","Moderna, Pfizer/BioNTech","63"
"Iceland","1/11/2021","Moderna, Pfizer/BioNTech","63"
"Iceland","1/12/2021","Moderna, Pfizer/BioNTech","63"
"Iceland","1/13/2021","Moderna, Pfizer/BioNTech","63"
"Iceland","1/14/2021","Moderna, Pfizer/BioNTech","63"
"Iceland","1/15/2021","Moderna, Pfizer/BioNTech","63"
"Iceland","1/16/2021","Moderna, Pfizer/BioNTech","63"
"Iceland","1/17/2021","Moderna, Pfizer/BioNTech","63"
"Iceland","1/18/2021","Moderna, Pfizer/BioNTech","63"
"Iceland","1/19/2021","Moderna, Pfizer/BioNTech","63"
"Iceland","1/20/2021","Moderna, Pfizer/BioNTech","63"
"Iceland","1/21/2021","Moderna, Pfizer/BioNTech","312"
"Iceland","1/22/2021","Moderna, Pfizer/BioNTech","560"
"Iceland","1/23/2021","Moderna, Pfizer/BioNTech","809"
"Iceland","1/24/2021","Moderna, Pfizer/BioNTech","1057"
"Iceland","1/25/2021","Moderna, Pfizer/BioNTech","1306"
"India","1/15/2021","Covaxin, Covishield","173922"
"India","1/16/2021","Covaxin, Covishield","191181"
"India","1/17/2021","Covaxin, Covishield","112150"
"India","1/18/2021","Covaxin, Covishield","151350"
"India","1/19/2021","Covaxin, Covishield","168709"
"India","1/20/2021","Covaxin, Covishield","161297"
"India","1/21/2021","Covaxin, Covishield","173922"
"India","1/22/2021","Covaxin, Covishield","198656"
"India","1/23/2021","Covaxin, Covishield","198717"
"India","1/24/2021","Covaxin, Covishield","198743"
"India","1/25/2021","Covaxin, Covishield","224251"
"Indonesia","1/12/2021","Sinovac","13200"
"Indonesia","1/13/2021","Sinovac","13200"
"Indonesia","1/14/2021","Sinovac","13200"
"Indonesia","1/15/2021","Sinovac","13200"
"Indonesia","1/16/2021","Sinovac","13200"
"Indonesia","1/17/2021","Sinovac","13200"
"Indonesia","1/18/2021","Sinovac","13200"
"Indonesia","1/19/2021","Sinovac","13200"
"Indonesia","1/20/2021","Sinovac","13200"
"Indonesia","1/21/2021","Sinovac","13200"
"Indonesia","1/22/2021","Sinovac","13200"
"Indonesia","1/23/2021","Sinovac","12546"
"Indonesia","1/24/2021","Sinovac","11892"
"Indonesia","1/25/2021","Sinovac","11823"
"Ireland","12/31/2020","Pfizer/BioNTech","6528"
"Ireland","1/1/2021","Pfizer/BioNTech","550"
"Ireland","1/2/2021","Pfizer/BioNTech","550"
"Ireland","1/3/2021","Pfizer/BioNTech","550"
"Ireland","1/4/2021","Pfizer/BioNTech","550"
"Ireland","1/5/2021","Pfizer/BioNTech","1194"
"Ireland","1/6/2021","Pfizer/BioNTech","1624"
"Ireland","1/7/2021","Pfizer/BioNTech","1931"
"Ireland","1/8/2021","Pfizer/BioNTech","3028"
"Ireland","1/9/2021","Pfizer/BioNTech","4124"
"Ireland","1/10/2021","Pfizer/BioNTech","5221"
"Ireland","1/11/2021","Pfizer/BioNTech","6919"
"Ireland","1/12/2021","Pfizer/BioNTech","8157"
"Ireland","1/13/2021","Pfizer/BioNTech","9394"
"Ireland","1/14/2021","Pfizer/BioNTech","9452"
"Ireland","1/15/2021","Pfizer/BioNTech","8873"
"Ireland","1/16/2021","Pfizer/BioNTech","8293"
"Ireland","1/17/2021","Pfizer/BioNTech","7714"
"Ireland","1/18/2021","Pfizer/BioNTech","7267"
"Ireland","1/19/2021","Pfizer/BioNTech","6819"
"Ireland","1/20/2021","Pfizer/BioNTech","6371"
"Ireland","1/21/2021","Pfizer/BioNTech","6528"
"Ireland","1/22/2021","Pfizer/BioNTech","6686"
"Ireland","1/23/2021","Pfizer/BioNTech","6843"
"Ireland","1/24/2021","Pfizer/BioNTech","7000"
"Isle of Man","1/21/2021","Pfizer/BioNTech","138"
"Isle of Man","1/22/2021","Pfizer/BioNTech","90"
"Isle of Man","1/23/2021","Pfizer/BioNTech","138"
"Isle of Man","1/24/2021","Pfizer/BioNTech","155"
"Isle of Man","1/25/2021","Pfizer/BioNTech","163"
"Israel","12/19/2020","Moderna, Pfizer/BioNTech","92587"
"Israel","12/20/2020","Moderna, Pfizer/BioNTech","6887"
"Israel","12/21/2020","Moderna, Pfizer/BioNTech","14690"
"Israel","12/22/2020","Moderna, Pfizer/BioNTech","23477"
"Israel","12/23/2020","Moderna, Pfizer/BioNTech","32331"
"Israel","12/24/2020","Moderna, Pfizer/BioNTech","39926"
"Israel","12/25/2020","Moderna, Pfizer/BioNTech","39552"
"Israel","12/26/2020","Moderna, Pfizer/BioNTech","38469"
"Israel","12/27/2020","Moderna, Pfizer/BioNTech","51884"
"Israel","12/28/2020","Moderna, Pfizer/BioNTech","67094"
"Israel","12/29/2020","Moderna, Pfizer/BioNTech","82835"
"Israel","12/30/2020","Moderna, Pfizer/BioNTech","95621"
"Israel","12/31/2020","Moderna, Pfizer/BioNTech","107654"
"Israel","1/1/2021","Moderna, Pfizer/BioNTech","112314"
"Israel","1/2/2021","Moderna, Pfizer/BioNTech","117846"
"Israel","1/3/2021","Moderna, Pfizer/BioNTech","124170"
"Israel","1/4/2021","Moderna, Pfizer/BioNTech","125626"
"Israel","1/5/2021","Moderna, Pfizer/BioNTech","121500"
"Israel","1/6/2021","Moderna, Pfizer/BioNTech","114634"
"Israel","1/7/2021","Moderna, Pfizer/BioNTech","108735"
"Israel","1/8/2021","Moderna, Pfizer/BioNTech","108004"
"Israel","1/9/2021","Moderna, Pfizer/BioNTech","104169"
"Israel","1/10/2021","Moderna, Pfizer/BioNTech","89553"
"Israel","1/11/2021","Moderna, Pfizer/BioNTech","75289"
"Israel","1/12/2021","Moderna, Pfizer/BioNTech","66167"
"Israel","1/13/2021","Moderna, Pfizer/BioNTech","67059"
"Israel","1/14/2021","Moderna, Pfizer/BioNTech","68432"
"Israel","1/15/2021","Moderna, Pfizer/BioNTech","68475"
"Israel","1/16/2021","Moderna, Pfizer/BioNTech","70010"
"Israel","1/17/2021","Moderna, Pfizer/BioNTech","85359"
"Israel","1/18/2021","Moderna, Pfizer/BioNTech","106360"
"Israel","1/19/2021","Moderna, Pfizer/BioNTech","127524"
"Israel","1/20/2021","Moderna, Pfizer/BioNTech","143169"
"Israel","1/21/2021","Moderna, Pfizer/BioNTech","158364"
"Israel","1/22/2021","Moderna, Pfizer/BioNTech","164426"
"Israel","1/23/2021","Moderna, Pfizer/BioNTech","169880"
"Israel","1/24/2021","Moderna, Pfizer/BioNTech","177883"
"Israel","1/25/2021","Moderna, Pfizer/BioNTech","176343"
"Italy","12/27/2020","Pfizer/BioNTech","44475.5"
"Italy","12/28/2020","Pfizer/BioNTech","950"
"Italy","12/29/2020","Pfizer/BioNTech","926"
"Italy","12/30/2020","Pfizer/BioNTech","2147"
"Italy","12/31/2020","Pfizer/BioNTech","7848"
"Italy","1/1/2021","Pfizer/BioNTech","8456"
"Italy","1/2/2021","Pfizer/BioNTech","13319"
"Italy","1/3/2021","Pfizer/BioNTech","16365"
"Italy","1/4/2021","Pfizer/BioNTech","25812"
"Italy","1/5/2021","Pfizer/BioNTech","36875"
"Italy","1/6/2021","Pfizer/BioNTech","45417"
"Italy","1/7/2021","Pfizer/BioNTech","54829"
"Italy","1/8/2021","Pfizer/BioNTech","66485"
"Italy","1/9/2021","Pfizer/BioNTech","73108"
"Italy","1/10/2021","Pfizer/BioNTech","76632"
"Italy","1/11/2021","Pfizer/BioNTech","78150"
"Italy","1/12/2021","Pfizer/BioNTech","78193"
"Italy","1/13/2021","Pfizer/BioNTech","81858"
"Italy","1/14/2021","Pfizer/BioNTech","81516"
"Italy","1/15/2021","Pfizer/BioNTech","80095"
"Italy","1/16/2021","Pfizer/BioNTech","76658"
"Italy","1/17/2021","Pfizer/BioNTech","73130"
"Italy","1/18/2021","Pfizer/BioNTech","67599"
"Italy","1/19/2021","Pfizer/BioNTech","60503"
"Italy","1/20/2021","Pfizer/BioNTech","51507"
"Italy","1/21/2021","Pfizer/BioNTech","43534"
"Italy","1/22/2021","Pfizer/BioNTech","35131"
"Italy","1/23/2021","Pfizer/BioNTech","31852"
"Italy","1/24/2021","Pfizer/BioNTech","31537"
"Italy","1/25/2021","Pfizer/BioNTech","32241"
"Kuwait","12/28/2020","Pfizer/BioNTech","0"
"Latvia","12/28/2020","Pfizer/BioNTech","592"
"Latvia","12/29/2020","Pfizer/BioNTech","877"
"Latvia","12/30/2020","Pfizer/BioNTech","832"
"Latvia","12/31/2020","Pfizer/BioNTech","602"
"Latvia","1/1/2021","Pfizer/BioNTech","486"
"Latvia","1/2/2021","Pfizer/BioNTech","417"
"Latvia","1/3/2021","Pfizer/BioNTech","371"
"Latvia","1/4/2021","Pfizer/BioNTech","338"
"Latvia","1/5/2021","Pfizer/BioNTech","339"
"Latvia","1/6/2021","Pfizer/BioNTech","338"
"Latvia","1/7/2021","Pfizer/BioNTech","433"
"Latvia","1/8/2021","Pfizer/BioNTech","542"
"Latvia","1/9/2021","Pfizer/BioNTech","565"
"Latvia","1/10/2021","Pfizer/BioNTech","592"
"Latvia","1/11/2021","Pfizer/BioNTech","767"
"Latvia","1/12/2021","Pfizer/BioNTech","872"
"Latvia","1/13/2021","Pfizer/BioNTech","976"
"Latvia","1/14/2021","Pfizer/BioNTech","1120"
"Latvia","1/15/2021","Pfizer/BioNTech","1258"
"Latvia","1/16/2021","Pfizer/BioNTech","1309"
"Latvia","1/17/2021","Pfizer/BioNTech","1279"
"Latvia","1/18/2021","Pfizer/BioNTech","1204"
"Latvia","1/19/2021","Pfizer/BioNTech","1098"
"Latvia","1/20/2021","Pfizer/BioNTech","993"
"Latvia","1/21/2021","Pfizer/BioNTech","773"
"Latvia","1/22/2021","Pfizer/BioNTech","537"
"Latvia","1/23/2021","Pfizer/BioNTech","460"
"Latvia","1/24/2021","Pfizer/BioNTech","491"
"Latvia","1/25/2021","Pfizer/BioNTech","418"
"Lithuania","12/25/2020","Moderna, Pfizer/BioNTech","1933.5"
"Lithuania","12/26/2020","Moderna, Pfizer/BioNTech","1208"
"Lithuania","12/27/2020","Moderna, Pfizer/BioNTech","1208"
"Lithuania","12/28/2020","Moderna, Pfizer/BioNTech","1734"
"Lithuania","12/29/2020","Moderna, Pfizer/BioNTech","2047"
"Lithuania","12/30/2020","Moderna, Pfizer/BioNTech","1944"
"Lithuania","12/31/2020","Moderna, Pfizer/BioNTech","1624"
"Lithuania","1/1/2021","Moderna, Pfizer/BioNTech","1410"
"Lithuania","1/2/2021","Moderna, Pfizer/BioNTech","1255"
"Lithuania","1/3/2021","Moderna, Pfizer/BioNTech","1100"
"Lithuania","1/4/2021","Moderna, Pfizer/BioNTech","720"
"Lithuania","1/5/2021","Moderna, Pfizer/BioNTech","311"
"Lithuania","1/6/2021","Moderna, Pfizer/BioNTech","592"
"Lithuania","1/7/2021","Moderna, Pfizer/BioNTech","1180"
"Lithuania","1/8/2021","Moderna, Pfizer/BioNTech","1897"
"Lithuania","1/9/2021","Moderna, Pfizer/BioNTech","1923"
"Lithuania","1/10/2021","Moderna, Pfizer/BioNTech","1905"
"Lithuania","1/11/2021","Moderna, Pfizer/BioNTech","2201"
"Lithuania","1/12/2021","Moderna, Pfizer/BioNTech","2479"
"Lithuania","1/13/2021","Moderna, Pfizer/BioNTech","2843"
"Lithuania","1/14/2021","Moderna, Pfizer/BioNTech","3476"
"Lithuania","1/15/2021","Moderna, Pfizer/BioNTech","3765"
"Lithuania","1/16/2021","Moderna, Pfizer/BioNTech","3877"
"Lithuania","1/17/2021","Moderna, Pfizer/BioNTech","4038"
"Lithuania","1/18/2021","Moderna, Pfizer/BioNTech","4363"
"Lithuania","1/19/2021","Moderna, Pfizer/BioNTech","4960"
"Lithuania","1/20/2021","Moderna, Pfizer/BioNTech","4587"
"Lithuania","1/21/2021","Moderna, Pfizer/BioNTech","3564"
"Lithuania","1/22/2021","Moderna, Pfizer/BioNTech","2581"
"Lithuania","1/23/2021","Moderna, Pfizer/BioNTech","2427"
"Lithuania","1/24/2021","Moderna, Pfizer/BioNTech","2268"
"Lithuania","1/25/2021","Moderna, Pfizer/BioNTech","1633"
"Luxembourg","12/30/2020","Pfizer/BioNTech","88"
"Luxembourg","12/31/2020","Pfizer/BioNTech","62"
"Luxembourg","1/1/2021","Pfizer/BioNTech","62"
"Luxembourg","1/2/2021","Pfizer/BioNTech","62"
"Luxembourg","1/3/2021","Pfizer/BioNTech","62"
"Luxembourg","1/4/2021","Pfizer/BioNTech","62"
"Luxembourg","1/5/2021","Pfizer/BioNTech","62"
"Luxembourg","1/6/2021","Pfizer/BioNTech","62"
"Luxembourg","1/7/2021","Pfizer/BioNTech","62"
"Luxembourg","1/8/2021","Pfizer/BioNTech","62"
"Luxembourg","1/9/2021","Pfizer/BioNTech","62"
"Luxembourg","1/10/2021","Pfizer/BioNTech","62"
"Luxembourg","1/11/2021","Pfizer/BioNTech","62"
"Luxembourg","1/12/2021","Pfizer/BioNTech","114"
"Luxembourg","1/13/2021","Pfizer/BioNTech","177"
"Luxembourg","1/14/2021","Pfizer/BioNTech","220"
"Luxembourg","1/15/2021","Pfizer/BioNTech","236"
"Luxembourg","1/16/2021","Pfizer/BioNTech","252"
"Luxembourg","1/17/2021","Pfizer/BioNTech","268"
"Luxembourg","1/18/2021","Pfizer/BioNTech","375"
"Luxembourg","1/19/2021","Pfizer/BioNTech","417"
"Luxembourg","1/20/2021","Pfizer/BioNTech","475"
"Luxembourg","1/21/2021","Pfizer/BioNTech","523"
"Luxembourg","1/22/2021","Pfizer/BioNTech","537"
"Luxembourg","1/23/2021","Pfizer/BioNTech","551"
"Luxembourg","1/24/2021","Pfizer/BioNTech","565"
"Malta","12/28/2020","Pfizer/BioNTech","407.5"
"Malta","12/29/2020","Pfizer/BioNTech","259"
"Malta","12/30/2020","Pfizer/BioNTech","259"
"Malta","12/31/2020","Pfizer/BioNTech","259"
"Malta","1/1/2021","Pfizer/BioNTech","259"
"Malta","1/2/2021","Pfizer/BioNTech","259"
"Malta","1/3/2021","Pfizer/BioNTech","259"
"Malta","1/4/2021","Pfizer/BioNTech","259"
"Malta","1/5/2021","Pfizer/BioNTech","281"
"Malta","1/6/2021","Pfizer/BioNTech","304"
"Malta","1/7/2021","Pfizer/BioNTech","327"
"Malta","1/8/2021","Pfizer/BioNTech","350"
"Malta","1/9/2021","Pfizer/BioNTech","373"
"Malta","1/10/2021","Pfizer/BioNTech","396"
"Malta","1/11/2021","Pfizer/BioNTech","419"
"Malta","1/12/2021","Pfizer/BioNTech","524"
"Malta","1/13/2021","Pfizer/BioNTech","629"
"Malta","1/14/2021","Pfizer/BioNTech","735"
"Malta","1/15/2021","Pfizer/BioNTech","840"
"Malta","1/16/2021","Pfizer/BioNTech","938"
"Malta","1/17/2021","Pfizer/BioNTech","1036"
"Malta","1/18/2021","Pfizer/BioNTech","1162"
"Malta","1/19/2021","Pfizer/BioNTech","1178"
"Malta","1/20/2021","Pfizer/BioNTech","1162"
"Malta","1/21/2021","Pfizer/BioNTech","1170"
"Malta","1/22/2021","Pfizer/BioNTech","1182"
"Malta","1/23/2021","Pfizer/BioNTech","1190"
"Malta","1/24/2021","Pfizer/BioNTech","1182"
"Mexico","12/24/2020","Pfizer/BioNTech","5488"
"Mexico","12/25/2020","Pfizer/BioNTech","1300"
"Mexico","12/26/2020","Pfizer/BioNTech","1300"
"Mexico","12/27/2020","Pfizer/BioNTech","1300"
"Mexico","12/28/2020","Pfizer/BioNTech","1664"
"Mexico","12/29/2020","Pfizer/BioNTech","3121"
"Mexico","12/30/2020","Pfizer/BioNTech","3679"
"Mexico","12/31/2020","Pfizer/BioNTech","3695"
"Mexico","1/1/2021","Pfizer/BioNTech","4051"
"Mexico","1/2/2021","Pfizer/BioNTech","4407"
"Mexico","1/3/2021","Pfizer/BioNTech","4763"
"Mexico","1/4/2021","Pfizer/BioNTech","4912"
"Mexico","1/5/2021","Pfizer/BioNTech","4244"
"Mexico","1/6/2021","Pfizer/BioNTech","4027"
"Mexico","1/7/2021","Pfizer/BioNTech","4230"
"Mexico","1/8/2021","Pfizer/BioNTech","4984"
"Mexico","1/9/2021","Pfizer/BioNTech","5488"
"Mexico","1/10/2021","Pfizer/BioNTech","5876"
"Mexico","1/11/2021","Pfizer/BioNTech","6157"
"Mexico","1/12/2021","Pfizer/BioNTech","6378"
"Mexico","1/13/2021","Pfizer/BioNTech","19912"
"Mexico","1/14/2021","Pfizer/BioNTech","38797"
"Mexico","1/15/2021","Pfizer/BioNTech","49987"
"Mexico","1/16/2021","Pfizer/BioNTech","55493"
"Mexico","1/17/2021","Pfizer/BioNTech","55835"
"Mexico","1/18/2021","Pfizer/BioNTech","57924"
"Mexico","1/19/2021","Pfizer/BioNTech","57892"
"Mexico","1/20/2021","Pfizer/BioNTech","44066"
"Mexico","1/21/2021","Pfizer/BioNTech","31765"
"Mexico","1/22/2021","Pfizer/BioNTech","28205"
"Mexico","1/23/2021","Pfizer/BioNTech","22217"
"Mexico","1/24/2021","Pfizer/BioNTech","22498"
"Mexico","1/25/2021","Pfizer/BioNTech","21797"
"Netherlands","1/6/2021","Moderna, Pfizer/BioNTech","6762"
"Netherlands","1/7/2021","Moderna, Pfizer/BioNTech","9000"
"Netherlands","1/8/2021","Moderna, Pfizer/BioNTech","10500"
"Netherlands","1/9/2021","Moderna, Pfizer/BioNTech","8000"
"Netherlands","1/10/2021","Moderna, Pfizer/BioNTech","7000"
"Netherlands","1/11/2021","Moderna, Pfizer/BioNTech","5900"
"Netherlands","1/12/2021","Moderna, Pfizer/BioNTech","6500"
"Netherlands","1/13/2021","Moderna, Pfizer/BioNTech","5857"
"Netherlands","1/14/2021","Moderna, Pfizer/BioNTech","5143"
"Netherlands","1/15/2021","Moderna, Pfizer/BioNTech","4000"
"Netherlands","1/16/2021","Moderna, Pfizer/BioNTech","5143"
"Netherlands","1/17/2021","Moderna, Pfizer/BioNTech","6143"
"Netherlands","1/18/2021","Moderna, Pfizer/BioNTech","7024"
"Netherlands","1/19/2021","Moderna, Pfizer/BioNTech","6762"
"Netherlands","1/20/2021","Moderna, Pfizer/BioNTech","7571"
"Netherlands","1/21/2021","Moderna, Pfizer/BioNTech","9500"
"Netherlands","1/22/2021","Moderna, Pfizer/BioNTech","11429"
"Northern Ireland","12/13/2020","Oxford/AstraZeneca, Pfizer/BioNTech","2135"
"Northern Ireland","12/14/2020","Oxford/AstraZeneca, Pfizer/BioNTech","1778"
"Northern Ireland","12/15/2020","Oxford/AstraZeneca, Pfizer/BioNTech","1778"
"Northern Ireland","12/16/2020","Oxford/AstraZeneca, Pfizer/BioNTech","1778"
"Northern Ireland","12/17/2020","Oxford/AstraZeneca, Pfizer/BioNTech","1778"
"Northern Ireland","12/18/2020","Oxford/AstraZeneca, Pfizer/BioNTech","1778"
"Northern Ireland","12/19/2020","Oxford/AstraZeneca, Pfizer/BioNTech","1778"
"Northern Ireland","12/20/2020","Oxford/AstraZeneca, Pfizer/BioNTech","1778"
"Northern Ireland","12/21/2020","Oxford/AstraZeneca, Pfizer/BioNTech","1829"
"Northern Ireland","12/22/2020","Oxford/AstraZeneca, Pfizer/BioNTech","1880"
"Northern Ireland","12/23/2020","Oxford/AstraZeneca, Pfizer/BioNTech","1931"
"Northern Ireland","12/24/2020","Oxford/AstraZeneca, Pfizer/BioNTech","1982"
"Northern Ireland","12/25/2020","Oxford/AstraZeneca, Pfizer/BioNTech","2033"
"Northern Ireland","12/26/2020","Oxford/AstraZeneca, Pfizer/BioNTech","2084"
"Northern Ireland","12/27/2020","Oxford/AstraZeneca, Pfizer/BioNTech","2135"
"Northern Ireland","12/28/2020","Oxford/AstraZeneca, Pfizer/BioNTech","2054"
"Northern Ireland","12/29/2020","Oxford/AstraZeneca, Pfizer/BioNTech","1972"
"Northern Ireland","12/30/2020","Oxford/AstraZeneca, Pfizer/BioNTech","1890"
"Northern Ireland","12/31/2020","Oxford/AstraZeneca, Pfizer/BioNTech","1808"
"Northern Ireland","1/1/2021","Oxford/AstraZeneca, Pfizer/BioNTech","1726"
"Northern Ireland","1/2/2021","Oxford/AstraZeneca, Pfizer/BioNTech","1645"
"Northern Ireland","1/3/2021","Oxford/AstraZeneca, Pfizer/BioNTech","1563"
"Northern Ireland","1/4/2021","Oxford/AstraZeneca, Pfizer/BioNTech","2360"
"Northern Ireland","1/5/2021","Oxford/AstraZeneca, Pfizer/BioNTech","3157"
"Northern Ireland","1/6/2021","Oxford/AstraZeneca, Pfizer/BioNTech","3954"
"Northern Ireland","1/7/2021","Oxford/AstraZeneca, Pfizer/BioNTech","4751"
"Northern Ireland","1/8/2021","Oxford/AstraZeneca, Pfizer/BioNTech","5548"
"Northern Ireland","1/9/2021","Oxford/AstraZeneca, Pfizer/BioNTech","6345"
"Northern Ireland","1/10/2021","Oxford/AstraZeneca, Pfizer/BioNTech","7143"
"Northern Ireland","1/11/2021","Oxford/AstraZeneca, Pfizer/BioNTech","7197"
"Northern Ireland","1/12/2021","Oxford/AstraZeneca, Pfizer/BioNTech","7574"
"Northern Ireland","1/13/2021","Oxford/AstraZeneca, Pfizer/BioNTech","8332"
"Northern Ireland","1/14/2021","Oxford/AstraZeneca, Pfizer/BioNTech","9044"
"Northern Ireland","1/15/2021","Oxford/AstraZeneca, Pfizer/BioNTech","8530"
"Northern Ireland","1/16/2021","Oxford/AstraZeneca, Pfizer/BioNTech","7964"
"Northern Ireland","1/17/2021","Oxford/AstraZeneca, Pfizer/BioNTech","7826"
"Northern Ireland","1/18/2021","Oxford/AstraZeneca, Pfizer/BioNTech","7852"
"Northern Ireland","1/19/2021","Oxford/AstraZeneca, Pfizer/BioNTech","7306"
"Northern Ireland","1/20/2021","Oxford/AstraZeneca, Pfizer/BioNTech","6404"
"Northern Ireland","1/21/2021","Oxford/AstraZeneca, Pfizer/BioNTech","5674"
"Northern Ireland","1/22/2021","Oxford/AstraZeneca, Pfizer/BioNTech","5664"
"Northern Ireland","1/23/2021","Oxford/AstraZeneca, Pfizer/BioNTech","5396"
"Northern Ireland","1/24/2021","Oxford/AstraZeneca, Pfizer/BioNTech","5089"
"Norway","12/27/2020","Pfizer/BioNTech","2958"
"Norway","12/28/2020","Pfizer/BioNTech","600"
"Norway","12/29/2020","Pfizer/BioNTech","834"
"Norway","12/30/2020","Pfizer/BioNTech","697"
"Norway","12/31/2020","Pfizer/BioNTech","540"
"Norway","1/1/2021","Pfizer/BioNTech","434"
"Norway","1/2/2021","Pfizer/BioNTech","361"
"Norway","1/3/2021","Pfizer/BioNTech","310"
"Norway","1/4/2021","Pfizer/BioNTech","224"
"Norway","1/5/2021","Pfizer/BioNTech","560"
"Norway","1/6/2021","Pfizer/BioNTech","1772"
"Norway","1/7/2021","Pfizer/BioNTech","2696"
"Norway","1/8/2021","Pfizer/BioNTech","2924"
"Norway","1/9/2021","Pfizer/BioNTech","2942"
"Norway","1/10/2021","Pfizer/BioNTech","2958"
"Norway","1/11/2021","Pfizer/BioNTech","3006"
"Norway","1/12/2021","Pfizer/BioNTech","3105"
"Norway","1/13/2021","Pfizer/BioNTech","3201"
"Norway","1/14/2021","Pfizer/BioNTech","3447"
"Norway","1/15/2021","Pfizer/BioNTech","3847"
"Norway","1/16/2021","Pfizer/BioNTech","3929"
"Norway","1/17/2021","Pfizer/BioNTech","3955"
"Norway","1/18/2021","Pfizer/BioNTech","4120"
"Norway","1/19/2021","Pfizer/BioNTech","4276"
"Norway","1/20/2021","Pfizer/BioNTech","4356"
"Norway","1/21/2021","Pfizer/BioNTech","4303"
"Norway","1/22/2021","Pfizer/BioNTech","4109"
"Norway","1/23/2021","Pfizer/BioNTech","4059"
"Norway","1/24/2021","Pfizer/BioNTech","4027"
"Oman","12/28/2020","Pfizer/BioNTech","1192"
"Oman","12/29/2020","Pfizer/BioNTech","1646"
"Oman","12/30/2020","Pfizer/BioNTech","1663"
"Oman","12/31/2020","Pfizer/BioNTech","1600"
"Oman","1/1/2021","Pfizer/BioNTech","1289"
"Oman","1/2/2021","Pfizer/BioNTech","1103"
"Oman","1/3/2021","Pfizer/BioNTech","1185"
"Oman","1/4/2021","Pfizer/BioNTech","1287"
"Oman","1/5/2021","Pfizer/BioNTech","1341"
"Oman","1/6/2021","Pfizer/BioNTech","1280"
"Oman","1/7/2021","Pfizer/BioNTech","1199"
"Oman","1/8/2021","Pfizer/BioNTech","1158"
"Oman","1/9/2021","Pfizer/BioNTech","1113"
"Oman","1/10/2021","Pfizer/BioNTech","1012"
"Oman","1/11/2021","Pfizer/BioNTech","1080"
"Oman","1/12/2021","Pfizer/BioNTech","1128"
"Oman","1/13/2021","Pfizer/BioNTech","1249"
"Oman","1/14/2021","Pfizer/BioNTech","1328"
"Oman","1/15/2021","Pfizer/BioNTech","1358"
"Oman","1/16/2021","Pfizer/BioNTech","1393"
"Oman","1/17/2021","Pfizer/BioNTech","1363"
"Oman","1/18/2021","Pfizer/BioNTech","1210"
"Oman","1/19/2021","Pfizer/BioNTech","1057"
"Oman","1/20/2021","Pfizer/BioNTech","971"
"Oman","1/21/2021","Pfizer/BioNTech","817"
"Oman","1/22/2021","Pfizer/BioNTech","830"
"Oman","1/23/2021","Pfizer/BioNTech","843"
"Oman","1/24/2021","Pfizer/BioNTech","1046"
"Panama","1/19/2021","Pfizer/BioNTech","1324"
"Panama","1/20/2021","Pfizer/BioNTech","6"
"Panama","1/21/2021","Pfizer/BioNTech","1364"
"Panama","1/22/2021","Pfizer/BioNTech","1694"
"Panama","1/23/2021","Pfizer/BioNTech","1398"
"Panama","1/24/2021","Pfizer/BioNTech","1284"
"Poland","12/28/2020","Pfizer/BioNTech","22702.5"
"Poland","12/29/2020","Pfizer/BioNTech","4300"
"Poland","12/30/2020","Pfizer/BioNTech","17150"
"Poland","12/31/2020","Pfizer/BioNTech","15200"
"Poland","1/1/2021","Pfizer/BioNTech","11749"
"Poland","1/2/2021","Pfizer/BioNTech","9678"
"Poland","1/3/2021","Pfizer/BioNTech","8139"
"Poland","1/4/2021","Pfizer/BioNTech","12889"
"Poland","1/5/2021","Pfizer/BioNTech","19132"
"Poland","1/6/2021","Pfizer/BioNTech","17723"
"Poland","1/7/2021","Pfizer/BioNTech","20194"
"Poland","1/8/2021","Pfizer/BioNTech","21399"
"Poland","1/9/2021","Pfizer/BioNTech","21376"
"Poland","1/10/2021","Pfizer/BioNTech","21746"
"Poland","1/11/2021","Pfizer/BioNTech","23659"
"Poland","1/12/2021","Pfizer/BioNTech","24199"
"Poland","1/13/2021","Pfizer/BioNTech","29836"
"Poland","1/14/2021","Pfizer/BioNTech","31646"
"Poland","1/15/2021","Pfizer/BioNTech","34025"
"Poland","1/16/2021","Pfizer/BioNTech","36754"
"Poland","1/17/2021","Pfizer/BioNTech","38059"
"Poland","1/18/2021","Pfizer/BioNTech","33904"
"Poland","1/19/2021","Pfizer/BioNTech","33087"
"Poland","1/20/2021","Pfizer/BioNTech","31796"
"Poland","1/21/2021","Pfizer/BioNTech","33503"
"Poland","1/22/2021","Pfizer/BioNTech","35331"
"Poland","1/23/2021","Pfizer/BioNTech","34837"
"Poland","1/24/2021","Pfizer/BioNTech","34001"
"Portugal","12/27/2020","Pfizer/BioNTech","5944"
"Portugal","12/28/2020","Pfizer/BioNTech","2791"
"Portugal","12/29/2020","Pfizer/BioNTech","7702"
"Portugal","12/30/2020","Pfizer/BioNTech","8527"
"Portugal","12/31/2020","Pfizer/BioNTech","6946"
"Portugal","1/1/2021","Pfizer/BioNTech","5557"
"Portugal","1/2/2021","Pfizer/BioNTech","4631"
"Portugal","1/3/2021","Pfizer/BioNTech","3970"
"Portugal","1/4/2021","Pfizer/BioNTech","3702"
"Portugal","1/5/2021","Pfizer/BioNTech","3724"
"Portugal","1/6/2021","Pfizer/BioNTech","4416"
"Portugal","1/7/2021","Pfizer/BioNTech","5572"
"Portugal","1/8/2021","Pfizer/BioNTech","5929"
"Portugal","1/9/2021","Pfizer/BioNTech","5943"
"Portugal","1/10/2021","Pfizer/BioNTech","5949"
"Portugal","1/11/2021","Pfizer/BioNTech","5944"
"Portugal","1/12/2021","Pfizer/BioNTech","5676"
"Portugal","1/13/2021","Pfizer/BioNTech","5501"
"Portugal","1/14/2021","Pfizer/BioNTech","5623"
"Portugal","1/15/2021","Pfizer/BioNTech","6335"
"Portugal","1/16/2021","Pfizer/BioNTech","6540"
"Portugal","1/17/2021","Pfizer/BioNTech","6701"
"Portugal","1/18/2021","Pfizer/BioNTech","7061"
"Portugal","1/19/2021","Pfizer/BioNTech","8896"
"Portugal","1/20/2021","Pfizer/BioNTech","11058"
"Portugal","1/21/2021","Pfizer/BioNTech","14194"
"Portugal","1/22/2021","Pfizer/BioNTech","16876"
"Portugal","1/23/2021","Pfizer/BioNTech","18770"
"Portugal","1/24/2021","Pfizer/BioNTech","19200"
"Romania","12/28/2020","Pfizer/BioNTech","13030"
"Romania","12/29/2020","Pfizer/BioNTech","712"
"Romania","12/30/2020","Pfizer/BioNTech","1800"
"Romania","12/31/2020","Pfizer/BioNTech","2741"
"Romania","1/1/2021","Pfizer/BioNTech","2398"
"Romania","1/2/2021","Pfizer/BioNTech","2235"
"Romania","1/3/2021","Pfizer/BioNTech","1922"
"Romania","1/4/2021","Pfizer/BioNTech","3349"
"Romania","1/5/2021","Pfizer/BioNTech","5547"
"Romania","1/6/2021","Pfizer/BioNTech","7555"
"Romania","1/7/2021","Pfizer/BioNTech","9444"
"Romania","1/8/2021","Pfizer/BioNTech","11579"
"Romania","1/9/2021","Pfizer/BioNTech","12723"
"Romania","1/10/2021","Pfizer/BioNTech","13528"
"Romania","1/11/2021","Pfizer/BioNTech","14240"
"Romania","1/12/2021","Pfizer/BioNTech","14120"
"Romania","1/13/2021","Pfizer/BioNTech","13673"
"Romania","1/14/2021","Pfizer/BioNTech","13030"
"Romania","1/15/2021","Pfizer/BioNTech","12995"
"Romania","1/16/2021","Pfizer/BioNTech","13398"
"Romania","1/17/2021","Pfizer/BioNTech","13824"
"Romania","1/18/2021","Pfizer/BioNTech","15721"
"Romania","1/19/2021","Pfizer/BioNTech","18514"
"Romania","1/20/2021","Pfizer/BioNTech","22017"
"Romania","1/21/2021","Pfizer/BioNTech","25783"
"Romania","1/22/2021","Pfizer/BioNTech","28895"
"Romania","1/23/2021","Pfizer/BioNTech","31828"
"Romania","1/24/2021","Pfizer/BioNTech","34461"
"Romania","1/25/2021","Pfizer/BioNTech","35627"
"Russia","12/15/2020","Sputnik V","23563"
"Russia","12/16/2020","Sputnik V","3357"
"Russia","12/17/2020","Sputnik V","3357"
"Russia","12/18/2020","Sputnik V","3357"
"Russia","12/19/2020","Sputnik V","3357"
"Russia","12/20/2020","Sputnik V","3357"
"Russia","12/21/2020","Sputnik V","3357"
"Russia","12/22/2020","Sputnik V","3357"
"Russia","12/23/2020","Sputnik V","12592"
"Russia","12/24/2020","Sputnik V","21827"
"Russia","12/25/2020","Sputnik V","31061"
"Russia","12/26/2020","Sputnik V","40296"
"Russia","12/27/2020","Sputnik V","49531"
"Russia","12/28/2020","Sputnik V","58765"
"Russia","12/29/2020","Sputnik V","68000"
"Russia","12/30/2020","Sputnik V","68000"
"Russia","12/31/2020","Sputnik V","68000"
"Russia","1/1/2021","Sputnik V","68000"
"Russia","1/2/2021","Sputnik V","68000"
"Russia","1/3/2021","Sputnik V","60883"
"Russia","1/4/2021","Sputnik V","53766"
"Russia","1/5/2021","Sputnik V","46649"
"Russia","1/6/2021","Sputnik V","39532"
"Russia","1/7/2021","Sputnik V","32416"
"Russia","1/8/2021","Sputnik V","25299"
"Russia","1/9/2021","Sputnik V","18182"
"Russia","1/10/2021","Sputnik V","18182"
"Russia","1/11/2021","Sputnik V","18182"
"Russia","1/12/2021","Sputnik V","18182"
"Russia","1/13/2021","Sputnik V","18182"
"Saudi Arabia","1/6/2021","Pfizer/BioNTech","16807.5"
"Saudi Arabia","1/7/2021","Pfizer/BioNTech","37862"
"Saudi Arabia","1/8/2021","Pfizer/BioNTech","23990"
"Saudi Arabia","1/9/2021","Pfizer/BioNTech","19366"
"Saudi Arabia","1/10/2021","Pfizer/BioNTech","17055"
"Saudi Arabia","1/11/2021","Pfizer/BioNTech","15667"
"Saudi Arabia","1/12/2021","Pfizer/BioNTech","16312"
"Saudi Arabia","1/13/2021","Pfizer/BioNTech","16772"
"Saudi Arabia","1/14/2021","Pfizer/BioNTech","14153"
"Saudi Arabia","1/15/2021","Pfizer/BioNTech","15498"
"Saudi Arabia","1/16/2021","Pfizer/BioNTech","16843"
"Saudi Arabia","1/17/2021","Pfizer/BioNTech","18187"
"Scotland","12/13/2020","Oxford/AstraZeneca, Pfizer/BioNTech","5821"
"Scotland","12/14/2020","Oxford/AstraZeneca, Pfizer/BioNTech","5821"
"Scotland","12/15/2020","Oxford/AstraZeneca, Pfizer/BioNTech","5821"
"Scotland","12/16/2020","Oxford/AstraZeneca, Pfizer/BioNTech","5821"
"Scotland","12/17/2020","Oxford/AstraZeneca, Pfizer/BioNTech","5821"
"Scotland","12/18/2020","Oxford/AstraZeneca, Pfizer/BioNTech","5821"
"Scotland","12/19/2020","Oxford/AstraZeneca, Pfizer/BioNTech","5821"
"Scotland","12/20/2020","Oxford/AstraZeneca, Pfizer/BioNTech","5821"
"Scotland","12/21/2020","Oxford/AstraZeneca, Pfizer/BioNTech","5690"
"Scotland","12/22/2020","Oxford/AstraZeneca, Pfizer/BioNTech","5558"
"Scotland","12/23/2020","Oxford/AstraZeneca, Pfizer/BioNTech","5426"
"Scotland","12/24/2020","Oxford/AstraZeneca, Pfizer/BioNTech","5295"
"Scotland","12/25/2020","Oxford/AstraZeneca, Pfizer/BioNTech","5163"
"Scotland","12/26/2020","Oxford/AstraZeneca, Pfizer/BioNTech","5031"
"Scotland","12/27/2020","Oxford/AstraZeneca, Pfizer/BioNTech","4899"
"Scotland","12/28/2020","Oxford/AstraZeneca, Pfizer/BioNTech","4635"
"Scotland","12/29/2020","Oxford/AstraZeneca, Pfizer/BioNTech","4370"
"Scotland","12/30/2020","Oxford/AstraZeneca, Pfizer/BioNTech","4105"
"Scotland","12/31/2020","Oxford/AstraZeneca, Pfizer/BioNTech","3841"
"Scotland","1/1/2021","Oxford/AstraZeneca, Pfizer/BioNTech","3576"
"Scotland","1/2/2021","Oxford/AstraZeneca, Pfizer/BioNTech","3312"
"Scotland","1/3/2021","Oxford/AstraZeneca, Pfizer/BioNTech","3047"
"Scotland","1/4/2021","Oxford/AstraZeneca, Pfizer/BioNTech","3650"
"Scotland","1/5/2021","Oxford/AstraZeneca, Pfizer/BioNTech","4254"
"Scotland","1/6/2021","Oxford/AstraZeneca, Pfizer/BioNTech","4858"
"Scotland","1/7/2021","Oxford/AstraZeneca, Pfizer/BioNTech","5461"
"Scotland","1/8/2021","Oxford/AstraZeneca, Pfizer/BioNTech","6065"
"Scotland","1/9/2021","Oxford/AstraZeneca, Pfizer/BioNTech","6668"
"Scotland","1/10/2021","Oxford/AstraZeneca, Pfizer/BioNTech","7272"
"Scotland","1/11/2021","Oxford/AstraZeneca, Pfizer/BioNTech","8042"
"Scotland","1/12/2021","Oxford/AstraZeneca, Pfizer/BioNTech","9311"
"Scotland","1/13/2021","Oxford/AstraZeneca, Pfizer/BioNTech","10621"
"Scotland","1/14/2021","Oxford/AstraZeneca, Pfizer/BioNTech","11979"
"Scotland","1/15/2021","Oxford/AstraZeneca, Pfizer/BioNTech","12869"
"Scotland","1/16/2021","Oxford/AstraZeneca, Pfizer/BioNTech","13760"
"Scotland","1/17/2021","Oxford/AstraZeneca, Pfizer/BioNTech","14651"
"Scotland","1/18/2021","Oxford/AstraZeneca, Pfizer/BioNTech","15667"
"Scotland","1/19/2021","Oxford/AstraZeneca, Pfizer/BioNTech","17018"
"Scotland","1/20/2021","Oxford/AstraZeneca, Pfizer/BioNTech","18277"
"Scotland","1/21/2021","Oxford/AstraZeneca, Pfizer/BioNTech","19282"
"Scotland","1/22/2021","Oxford/AstraZeneca, Pfizer/BioNTech","20597"
"Scotland","1/23/2021","Oxford/AstraZeneca, Pfizer/BioNTech","22034"
"Scotland","1/24/2021","Oxford/AstraZeneca, Pfizer/BioNTech","21750"
"Serbia","1/8/2021","Pfizer/BioNTech, Sinopharm, Sputnik V","2920"
"Serbia","1/9/2021","Pfizer/BioNTech, Sinopharm, Sputnik V","1150"
"Serbia","1/10/2021","Pfizer/BioNTech, Sinopharm, Sputnik V","1150"
"Serbia","1/11/2021","Pfizer/BioNTech, Sinopharm, Sputnik V","1503"
"Serbia","1/12/2021","Pfizer/BioNTech, Sinopharm, Sputnik V","1680"
"Serbia","1/13/2021","Pfizer/BioNTech, Sinopharm, Sputnik V","1785"
"Serbia","1/14/2021","Pfizer/BioNTech, Sinopharm, Sputnik V","1856"
"Serbia","1/15/2021","Pfizer/BioNTech, Sinopharm, Sputnik V","2221"
"Serbia","1/16/2021","Pfizer/BioNTech, Sinopharm, Sputnik V","2687"
"Serbia","1/17/2021","Pfizer/BioNTech, Sinopharm, Sputnik V","3153"
"Serbia","1/18/2021","Pfizer/BioNTech, Sinopharm, Sputnik V","3468"
"Serbia","1/19/2021","Pfizer/BioNTech, Sinopharm, Sputnik V","3783"
"Serbia","1/20/2021","Pfizer/BioNTech, Sinopharm, Sputnik V","4098"
"Serbia","1/21/2021","Pfizer/BioNTech, Sinopharm, Sputnik V","9528"
"Serbia","1/22/2021","Pfizer/BioNTech, Sinopharm, Sputnik V","13880"
"Serbia","1/23/2021","Pfizer/BioNTech, Sinopharm, Sputnik V","19485"
"Serbia","1/24/2021","Pfizer/BioNTech, Sinopharm, Sputnik V","26632"
"Serbia","1/25/2021","Pfizer/BioNTech, Sinopharm, Sputnik V","31534"
"Seychelles","1/9/2021","Sinopharm","1000"
"Seychelles","1/10/2021","Sinopharm","500"
"Seychelles","1/11/2021","Sinopharm","500"
"Seychelles","1/12/2021","Sinopharm","500"
"Seychelles","1/13/2021","Sinopharm","500"
"Seychelles","1/14/2021","Sinopharm","600"
"Seychelles","1/15/2021","Sinopharm","667"
"Seychelles","1/16/2021","Sinopharm","1000"
"Seychelles","1/17/2021","Sinopharm","1118"
"Seychelles","1/18/2021","Sinopharm","1236"
"Seychelles","1/19/2021","Sinopharm","1354"
"Seychelles","1/20/2021","Sinopharm","1595"
"Seychelles","1/21/2021","Sinopharm","1718"
"Seychelles","1/22/2021","Sinopharm","1841"
"Seychelles","1/23/2021","Sinopharm","1622"
"Singapore","1/11/2021","Pfizer/BioNTech","4907"
"Singapore","1/12/2021","Pfizer/BioNTech","2800"
"Singapore","1/13/2021","Pfizer/BioNTech","4090"
"Singapore","1/14/2021","Pfizer/BioNTech","4520"
"Singapore","1/15/2021","Pfizer/BioNTech","4735"
"Singapore","1/16/2021","Pfizer/BioNTech","4864"
"Singapore","1/17/2021","Pfizer/BioNTech","4950"
"Singapore","1/18/2021","Pfizer/BioNTech","5011"
"Singapore","1/19/2021","Pfizer/BioNTech","5380"
"Singapore","1/20/2021","Pfizer/BioNTech","5380"
"Singapore","1/21/2021","Pfizer/BioNTech","5380"
"Singapore","1/22/2021","Pfizer/BioNTech","5380"
"Slovakia","1/4/2021","Pfizer/BioNTech","5357"
"Slovakia","1/5/2021","Pfizer/BioNTech","425"
"Slovakia","1/6/2021","Pfizer/BioNTech","3309"
"Slovakia","1/7/2021","Pfizer/BioNTech","4544"
"Slovakia","1/8/2021","Pfizer/BioNTech","5137"
"Slovakia","1/9/2021","Pfizer/BioNTech","4456"
"Slovakia","1/10/2021","Pfizer/BioNTech","4221"
"Slovakia","1/11/2021","Pfizer/BioNTech","4174"
"Slovakia","1/12/2021","Pfizer/BioNTech","5616"
"Slovakia","1/13/2021","Pfizer/BioNTech","5661"
"Slovakia","1/14/2021","Pfizer/BioNTech","5685"
"Slovakia","1/15/2021","Pfizer/BioNTech","5744"
"Slovakia","1/16/2021","Pfizer/BioNTech","5669"
"Slovakia","1/17/2021","Pfizer/BioNTech","5241"
"Slovakia","1/18/2021","Pfizer/BioNTech","5968"
"Slovakia","1/19/2021","Pfizer/BioNTech","5473"
"Slovakia","1/20/2021","Pfizer/BioNTech","5585"
"Slovakia","1/21/2021","Pfizer/BioNTech","5535"
"Slovenia","1/3/2021","Pfizer/BioNTech","2374"
"Slovenia","1/4/2021","Pfizer/BioNTech","1270"
"Slovenia","1/5/2021","Pfizer/BioNTech","1484"
"Slovenia","1/6/2021","Pfizer/BioNTech","2110"
"Slovenia","1/7/2021","Pfizer/BioNTech","2601"
"Slovenia","1/8/2021","Pfizer/BioNTech","2718"
"Slovenia","1/9/2021","Pfizer/BioNTech","2333"
"Slovenia","1/10/2021","Pfizer/BioNTech","2087"
"Slovenia","1/11/2021","Pfizer/BioNTech","2183"
"Slovenia","1/12/2021","Pfizer/BioNTech","2223"
"Slovenia","1/13/2021","Pfizer/BioNTech","2471"
"Slovenia","1/14/2021","Pfizer/BioNTech","2689"
"Slovenia","1/15/2021","Pfizer/BioNTech","3036"
"Slovenia","1/16/2021","Pfizer/BioNTech","3073"
"Slovenia","1/17/2021","Pfizer/BioNTech","3070"
"Slovenia","1/18/2021","Pfizer/BioNTech","2942"
"Slovenia","1/19/2021","Pfizer/BioNTech","2772"
"Slovenia","1/20/2021","Pfizer/BioNTech","2415"
"Slovenia","1/21/2021","Pfizer/BioNTech","2420"
"Slovenia","1/22/2021","Pfizer/BioNTech","2009"
"Slovenia","1/23/2021","Pfizer/BioNTech","2034"
"Slovenia","1/24/2021","Pfizer/BioNTech","1992"
"Spain","1/4/2021","Moderna, Pfizer/BioNTech","55238"
"Spain","1/5/2021","Moderna, Pfizer/BioNTech","56505"
"Spain","1/6/2021","Moderna, Pfizer/BioNTech","45248"
"Spain","1/7/2021","Moderna, Pfizer/BioNTech","41496"
"Spain","1/8/2021","Moderna, Pfizer/BioNTech","48786"
"Spain","1/9/2021","Moderna, Pfizer/BioNTech","47569"
"Spain","1/10/2021","Moderna, Pfizer/BioNTech","46759"
"Spain","1/11/2021","Moderna, Pfizer/BioNTech","46180"
"Spain","1/12/2021","Moderna, Pfizer/BioNTech","49826"
"Spain","1/13/2021","Moderna, Pfizer/BioNTech","58330"
"Spain","1/14/2021","Moderna, Pfizer/BioNTech","66980"
"Spain","1/15/2021","Moderna, Pfizer/BioNTech","70139"
"Spain","1/16/2021","Moderna, Pfizer/BioNTech","70181"
"Spain","1/17/2021","Moderna, Pfizer/BioNTech","70223"
"Spain","1/18/2021","Moderna, Pfizer/BioNTech","70264"
"Spain","1/19/2021","Moderna, Pfizer/BioNTech","68282"
"Spain","1/20/2021","Moderna, Pfizer/BioNTech","63471"
"Spain","1/21/2021","Moderna, Pfizer/BioNTech","61016"
"Spain","1/22/2021","Moderna, Pfizer/BioNTech","56696"
"Spain","1/23/2021","Moderna, Pfizer/BioNTech","53971"
"Spain","1/24/2021","Moderna, Pfizer/BioNTech","51247"
"Spain","1/25/2021","Moderna, Pfizer/BioNTech","48522"
"Sweden","12/27/2020","Pfizer/BioNTech","5382.5"
"Sweden","12/28/2020","Pfizer/BioNTech","3859"
"Sweden","12/29/2020","Pfizer/BioNTech","3859"
"Sweden","12/30/2020","Pfizer/BioNTech","3859"
"Sweden","12/31/2020","Pfizer/BioNTech","3859"
"Sweden","1/1/2021","Pfizer/BioNTech","3859"
"Sweden","1/2/2021","Pfizer/BioNTech","3859"
"Sweden","1/3/2021","Pfizer/BioNTech","3859"
"Sweden","1/4/2021","Pfizer/BioNTech","4294"
"Sweden","1/5/2021","Pfizer/BioNTech","4729"
"Sweden","1/6/2021","Pfizer/BioNTech","5165"
"Sweden","1/7/2021","Pfizer/BioNTech","5600"
"Sweden","1/8/2021","Pfizer/BioNTech","6035"
"Sweden","1/9/2021","Pfizer/BioNTech","6470"
"Sweden","1/10/2021","Pfizer/BioNTech","6905"
"Sweden","1/11/2021","Pfizer/BioNTech","7292"
"Sweden","1/12/2021","Pfizer/BioNTech","7680"
"Sweden","1/13/2021","Pfizer/BioNTech","8067"
"Sweden","1/14/2021","Pfizer/BioNTech","8454"
"Sweden","1/15/2021","Pfizer/BioNTech","8841"
"Sweden","1/16/2021","Pfizer/BioNTech","9228"
"Sweden","1/17/2021","Pfizer/BioNTech","9616"
"Switzerland","12/23/2020","Pfizer/BioNTech","3000"
"Switzerland","12/24/2020","Pfizer/BioNTech","3000"
"Switzerland","12/25/2020","Pfizer/BioNTech","3000"
"Switzerland","12/26/2020","Pfizer/BioNTech","3000"
"Switzerland","12/27/2020","Pfizer/BioNTech","3000"
"Switzerland","12/28/2020","Pfizer/BioNTech","3000"
"Switzerland","12/29/2020","Pfizer/BioNTech","3000"
"Switzerland","12/30/2020","Pfizer/BioNTech","3000"
"Switzerland","12/31/2020","Pfizer/BioNTech","3000"
"Switzerland","1/1/2021","Pfizer/BioNTech","3000"
"Switzerland","1/2/2021","Pfizer/BioNTech","3000"
"Switzerland","1/3/2021","Pfizer/BioNTech","3000"
"Switzerland","1/4/2021","Pfizer/BioNTech","3000"
"Switzerland","1/5/2021","Pfizer/BioNTech","3000"
"Switzerland","1/6/2021","Pfizer/BioNTech","3000"
"Switzerland","1/7/2021","Pfizer/BioNTech","3000"
"Switzerland","1/8/2021","Pfizer/BioNTech","3000"
"Switzerland","1/9/2021","Pfizer/BioNTech","3000"
"Switzerland","1/10/2021","Pfizer/BioNTech","3000"
"Switzerland","1/11/2021","Pfizer/BioNTech","3000"
"Switzerland","1/12/2021","Pfizer/BioNTech","3000"
"Switzerland","1/13/2021","Pfizer/BioNTech","3000"
"Switzerland","1/14/2021","Pfizer/BioNTech","3000"
"Switzerland","1/15/2021","Pfizer/BioNTech","3829"
"Switzerland","1/16/2021","Pfizer/BioNTech","4657"
"Switzerland","1/17/2021","Pfizer/BioNTech","5486"
"Switzerland","1/18/2021","Pfizer/BioNTech","6314"
"Switzerland","1/19/2021","Pfizer/BioNTech","7143"
"Switzerland","1/20/2021","Pfizer/BioNTech","10984"
"Switzerland","1/21/2021","Pfizer/BioNTech","14826"
"Turkey","1/13/2021","Sinovac","150356"
"Turkey","1/14/2021","Sinovac","279452"
"Turkey","1/15/2021","Sinovac","308326"
"Turkey","1/16/2021","Sinovac","225634"
"Turkey","1/17/2021","Sinovac","176613"
"Turkey","1/18/2021","Sinovac","166482"
"Turkey","1/19/2021","Sinovac","158439"
"Turkey","1/20/2021","Sinovac","150356"
"Turkey","1/21/2021","Sinovac","120115"
"Turkey","1/22/2021","Sinovac","83651"
"Turkey","1/23/2021","Sinovac","78569"
"Turkey","1/24/2021","Sinovac","76886"
"Turkey","1/25/2021","Sinovac","67192"
"United Arab Emirates","1/5/2021","Pfizer/BioNTech, Sinopharm","86430"
"United Arab Emirates","1/6/2021","Pfizer/BioNTech, Sinopharm","30698"
"United Arab Emirates","1/7/2021","Pfizer/BioNTech, Sinopharm","30698"
"United Arab Emirates","1/8/2021","Pfizer/BioNTech, Sinopharm","38418"
"United Arab Emirates","1/9/2021","Pfizer/BioNTech, Sinopharm","48512"
"United Arab Emirates","1/10/2021","Pfizer/BioNTech, Sinopharm","52053"
"United Arab Emirates","1/11/2021","Pfizer/BioNTech, Sinopharm","56825"
"United Arab Emirates","1/12/2021","Pfizer/BioNTech, Sinopharm","64193"
"United Arab Emirates","1/13/2021","Pfizer/BioNTech, Sinopharm","76797"
"United Arab Emirates","1/14/2021","Pfizer/BioNTech, Sinopharm","91448"
"United Arab Emirates","1/15/2021","Pfizer/BioNTech, Sinopharm","103490"
"United Arab Emirates","1/16/2021","Pfizer/BioNTech, Sinopharm","111082"
"United Arab Emirates","1/17/2021","Pfizer/BioNTech, Sinopharm","113744"
"United Arab Emirates","1/18/2021","Pfizer/BioNTech, Sinopharm","114896"
"United Arab Emirates","1/19/2021","Pfizer/BioNTech, Sinopharm","112816"
"United Arab Emirates","1/20/2021","Pfizer/BioNTech, Sinopharm","109510"
"United Arab Emirates","1/21/2021","Pfizer/BioNTech, Sinopharm","102605"
"United Arab Emirates","1/22/2021","Pfizer/BioNTech, Sinopharm","96156"
"United Arab Emirates","1/23/2021","Pfizer/BioNTech, Sinopharm","89839"
"United Arab Emirates","1/24/2021","Pfizer/BioNTech, Sinopharm","86430"
"United Arab Emirates","1/25/2021","Pfizer/BioNTech, Sinopharm","85653"
"United Kingdom","12/20/2020","Oxford/AstraZeneca, Pfizer/BioNTech","120409"
"United Kingdom","12/21/2020","Oxford/AstraZeneca, Pfizer/BioNTech","46423"
"United Kingdom","12/22/2020","Oxford/AstraZeneca, Pfizer/BioNTech","46423"
"United Kingdom","12/23/2020","Oxford/AstraZeneca, Pfizer/BioNTech","46423"
"United Kingdom","12/24/2020","Oxford/AstraZeneca, Pfizer/BioNTech","46423"
"United Kingdom","12/25/2020","Oxford/AstraZeneca, Pfizer/BioNTech","46423"
"United Kingdom","12/26/2020","Oxford/AstraZeneca, Pfizer/BioNTech","46423"
"United Kingdom","12/27/2020","Oxford/AstraZeneca, Pfizer/BioNTech","46423"
"United Kingdom","12/28/2020","Oxford/AstraZeneca, Pfizer/BioNTech","47738"
"United Kingdom","12/29/2020","Oxford/AstraZeneca, Pfizer/BioNTech","49053"
"United Kingdom","12/30/2020","Oxford/AstraZeneca, Pfizer/BioNTech","50369"
"United Kingdom","12/31/2020","Oxford/AstraZeneca, Pfizer/BioNTech","51684"
"United Kingdom","1/1/2021","Oxford/AstraZeneca, Pfizer/BioNTech","52999"
"United Kingdom","1/2/2021","Oxford/AstraZeneca, Pfizer/BioNTech","54315"
"United Kingdom","1/3/2021","Oxford/AstraZeneca, Pfizer/BioNTech","55630"
"United Kingdom","1/4/2021","Oxford/AstraZeneca, Pfizer/BioNTech","74138"
"United Kingdom","1/5/2021","Oxford/AstraZeneca, Pfizer/BioNTech","92647"
"United Kingdom","1/6/2021","Oxford/AstraZeneca, Pfizer/BioNTech","111155"
"United Kingdom","1/7/2021","Oxford/AstraZeneca, Pfizer/BioNTech","129663"
"United Kingdom","1/8/2021","Oxford/AstraZeneca, Pfizer/BioNTech","148171"
"United Kingdom","1/9/2021","Oxford/AstraZeneca, Pfizer/BioNTech","166680"
"United Kingdom","1/10/2021","Oxford/AstraZeneca, Pfizer/BioNTech","185188"
"United Kingdom","1/11/2021","Oxford/AstraZeneca, Pfizer/BioNTech","182424"
"United Kingdom","1/12/2021","Oxford/AstraZeneca, Pfizer/BioNTech","187930"
"United Kingdom","1/13/2021","Oxford/AstraZeneca, Pfizer/BioNTech","202716"
"United Kingdom","1/14/2021","Oxford/AstraZeneca, Pfizer/BioNTech","222253"
"United Kingdom","1/15/2021","Oxford/AstraZeneca, Pfizer/BioNTech","242692"
"United Kingdom","1/16/2021","Oxford/AstraZeneca, Pfizer/BioNTech","256292"
"United Kingdom","1/17/2021","Oxford/AstraZeneca, Pfizer/BioNTech","262404"
"United Kingdom","1/18/2021","Oxford/AstraZeneca, Pfizer/BioNTech","268518"
"United Kingdom","1/19/2021","Oxford/AstraZeneca, Pfizer/BioNTech","286118"
"United Kingdom","1/20/2021","Oxford/AstraZeneca, Pfizer/BioNTech","297294"
"United Kingdom","1/21/2021","Oxford/AstraZeneca, Pfizer/BioNTech","310246"
"United Kingdom","1/22/2021","Oxford/AstraZeneca, Pfizer/BioNTech","331933"
"United Kingdom","1/23/2021","Oxford/AstraZeneca, Pfizer/BioNTech","362307"
"United Kingdom","1/24/2021","Oxford/AstraZeneca, Pfizer/BioNTech","361321"
"United States","12/20/2020","Moderna, Pfizer/BioNTech","378253"
"United States","12/21/2020","Moderna, Pfizer/BioNTech","57909"
"United States","12/22/2020","Moderna, Pfizer/BioNTech","127432"
"United States","12/23/2020","Moderna, Pfizer/BioNTech","150606"
"United States","12/24/2020","Moderna, Pfizer/BioNTech","191001"
"United States","12/25/2020","Moderna, Pfizer/BioNTech","215238"
"United States","12/26/2020","Moderna, Pfizer/BioNTech","231396"
"United States","12/27/2020","Moderna, Pfizer/BioNTech","211379"
"United States","12/28/2020","Moderna, Pfizer/BioNTech","216147"
"United States","12/29/2020","Moderna, Pfizer/BioNTech","235685"
"United States","12/30/2020","Moderna, Pfizer/BioNTech","255223"
"United States","12/31/2020","Moderna, Pfizer/BioNTech","278776"
"United States","1/1/2021","Moderna, Pfizer/BioNTech","302329"
"United States","1/2/2021","Moderna, Pfizer/BioNTech","325882"
"United States","1/3/2021","Moderna, Pfizer/BioNTech","336949"
"United States","1/4/2021","Moderna, Pfizer/BioNTech","348017"
"United States","1/5/2021","Moderna, Pfizer/BioNTech","339372"
"United States","1/6/2021","Moderna, Pfizer/BioNTech","358887"
"United States","1/7/2021","Moderna, Pfizer/BioNTech","378253"
"United States","1/8/2021","Moderna, Pfizer/BioNTech","419933"
"United States","1/9/2021","Moderna, Pfizer/BioNTech","461263"
"United States","1/10/2021","Moderna, Pfizer/BioNTech","546636"
"United States","1/11/2021","Moderna, Pfizer/BioNTech","632009"
"United States","1/12/2021","Moderna, Pfizer/BioNTech","641524"
"United States","1/13/2021","Moderna, Pfizer/BioNTech","710238"
"United States","1/14/2021","Moderna, Pfizer/BioNTech","747082"
"United States","1/15/2021","Moderna, Pfizer/BioNTech","798707"
"United States","1/16/2021","Moderna, Pfizer/BioNTech","811670"
"United States","1/17/2021","Moderna, Pfizer/BioNTech","824632"
"United States","1/18/2021","Moderna, Pfizer/BioNTech","837595"
"United States","1/19/2021","Moderna, Pfizer/BioNTech","911493"
"United States","1/20/2021","Moderna, Pfizer/BioNTech","892403"
"United States","1/21/2021","Moderna, Pfizer/BioNTech","913912"
"United States","1/22/2021","Moderna, Pfizer/BioNTech","975540"
"United States","1/23/2021","Moderna, Pfizer/BioNTech","1057387"
"United States","1/24/2021","Moderna, Pfizer/BioNTech","1122182"
"United States","1/25/2021","Moderna, Pfizer/BioNTech","1126251"
"Wales","12/13/2020","Oxford/AstraZeneca, Pfizer/BioNTech","2198"
"Wales","12/14/2020","Oxford/AstraZeneca, Pfizer/BioNTech","2198"
"Wales","12/15/2020","Oxford/AstraZeneca, Pfizer/BioNTech","2198"
"Wales","12/16/2020","Oxford/AstraZeneca, Pfizer/BioNTech","2198"
"Wales","12/17/2020","Oxford/AstraZeneca, Pfizer/BioNTech","2198"
"Wales","12/18/2020","Oxford/AstraZeneca, Pfizer/BioNTech","2198"
"Wales","12/19/2020","Oxford/AstraZeneca, Pfizer/BioNTech","2198"
"Wales","12/20/2020","Oxford/AstraZeneca, Pfizer/BioNTech","2198"
"Wales","12/21/2020","Oxford/AstraZeneca, Pfizer/BioNTech","2136"
"Wales","12/22/2020","Oxford/AstraZeneca, Pfizer/BioNTech","2074"
"Wales","12/23/2020","Oxford/AstraZeneca, Pfizer/BioNTech","2012"
"Wales","12/24/2020","Oxford/AstraZeneca, Pfizer/BioNTech","1950"
"Wales","12/25/2020","Oxford/AstraZeneca, Pfizer/BioNTech","1887"
"Wales","12/26/2020","Oxford/AstraZeneca, Pfizer/BioNTech","1825"
"Wales","12/27/2020","Oxford/AstraZeneca, Pfizer/BioNTech","1763"
"Wales","12/28/2020","Oxford/AstraZeneca, Pfizer/BioNTech","1796"
"Wales","12/29/2020","Oxford/AstraZeneca, Pfizer/BioNTech","1830"
"Wales","12/30/2020","Oxford/AstraZeneca, Pfizer/BioNTech","1863"
"Wales","12/31/2020","Oxford/AstraZeneca, Pfizer/BioNTech","1896"
"Wales","1/1/2021","Oxford/AstraZeneca, Pfizer/BioNTech","1929"
"Wales","1/2/2021","Oxford/AstraZeneca, Pfizer/BioNTech","1962"
"Wales","1/3/2021","Oxford/AstraZeneca, Pfizer/BioNTech","1995"
"Wales","1/4/2021","Oxford/AstraZeneca, Pfizer/BioNTech","2450"
"Wales","1/5/2021","Oxford/AstraZeneca, Pfizer/BioNTech","2904"
"Wales","1/6/2021","Oxford/AstraZeneca, Pfizer/BioNTech","3359"
"Wales","1/7/2021","Oxford/AstraZeneca, Pfizer/BioNTech","3814"
"Wales","1/8/2021","Oxford/AstraZeneca, Pfizer/BioNTech","4268"
"Wales","1/9/2021","Oxford/AstraZeneca, Pfizer/BioNTech","4723"
"Wales","1/10/2021","Oxford/AstraZeneca, Pfizer/BioNTech","5177"
"Wales","1/11/2021","Oxford/AstraZeneca, Pfizer/BioNTech","5183"
"Wales","1/12/2021","Oxford/AstraZeneca, Pfizer/BioNTech","5893"
"Wales","1/13/2021","Oxford/AstraZeneca, Pfizer/BioNTech","6812"
"Wales","1/14/2021","Oxford/AstraZeneca, Pfizer/BioNTech","7988"
"Wales","1/15/2021","Oxford/AstraZeneca, Pfizer/BioNTech","8460"
"Wales","1/16/2021","Oxford/AstraZeneca, Pfizer/BioNTech","8931"
"Wales","1/17/2021","Oxford/AstraZeneca, Pfizer/BioNTech","9403"
"Wales","1/18/2021","Oxford/AstraZeneca, Pfizer/BioNTech","10123"
"Wales","1/19/2021","Oxford/AstraZeneca, Pfizer/BioNTech","10672"
"Wales","1/20/2021","Oxford/AstraZeneca, Pfizer/BioNTech","11105"
"Wales","1/21/2021","Oxford/AstraZeneca, Pfizer/BioNTech","12318"
"Wales","1/22/2021","Oxford/AstraZeneca, Pfizer/BioNTech","15148"
"Wales","1/23/2021","Oxford/AstraZeneca, Pfizer/BioNTech","17371"
"Wales","1/24/2021","Oxford/AstraZeneca, Pfizer/BioNTech","17063"
"null","null","null","11645"
"null","null","null","7850"
"null","null","null","3662"
"null","null","null","3606"
"null","null","null","17220"
"null","null","null","1010"
"null","null","null","11044"
"null","null","null","1291"
"null","null","null","276786"
"null","null","null","675.5"
"null","null","null","2485"
"null","null","null","708"
"null","null","null","5378"
"null","null","null","7095.5"
"null","null","null","54"
"null","null","null","107310.5"
"null","null","null","1043"
"null","null","null","2035.5"
"null","null","null","41496"
"null","null","null","51184"
"null","null","null","713"
"null","null","null","5290"
"null","null","null","5464.5"
"null","null","null","63"
"null","null","null","173922"
"null","null","null","13200"
"null","null","null","6528"
"null","null","null","138"
"null","null","null","92587"
"null","null","null","44475.5"
"null","null","null","0"
"null","null","null","592"
"null","null","null","1933.5"
"null","null","null","88"
"null","null","null","407.5"
"null","null","null","5488"
"null","null","null","6762"
"null","null","null","2135"
"null","null","null","2958"
"null","null","null","1192"
"null","null","null","1324"
"null","null","null","22702.5"
"null","null","null","5944"
"null","null","null","13030"
"null","null","null","23563"
"null","null","null","16807.5"
"null","null","null","5821"
"null","null","null","2920"
"null","null","null","1000"
"null","null","null","4907"
"null","null","null","5357"
"null","null","null","2374"
"null","null","null","55238"
"null","null","null","5382.5"
"null","null","null","3000"
"null","null","null","150356"
"null","null","null","86430"
"null","null","null","120409"
"null","null","null","378253"
"null","null","null","2198"
"null","null","null","11645"
"null","null","null","7850"
"null","null","null","3662"
"null","null","null","3606"
"null","null","null","17220"
"null","null","null","1010"
"null","null","null","11044"
"null","null","null","1291"
"null","null","null","276786"
"null","null","null","675.5"
"null","null","null","2485"
"null","null","null","708"
"null","null","null","5378"
"null","null","null","7095.5"
"null","null","null","54"
"null","null","null","107310.5"
"null","null","null","1043"
"null","null","null","2035.5"
"null","null","null","41496"
"null","null","null","51184"
"null","null","null","713"
"null","null","null","5290"
"null","null","null","5464.5"
"null","null","null","63"
"null","null","null","173922"
"null","null","null","13200"
"null","null","null","6528"
"null","null","null","138"
"null","null","null","92587"
"null","null","null","44475.5"
"null","null","null","0"
"null","null","null","592"
"null","null","null","1933.5"
"null","null","null","88"
"null","null","null","407.5"
"null","null","null","5488"
"null","null","null","6762"
"null","null","null","2135"
"null","null","null","2958"
"null","null","null","1192"
"null","null","null","1324"
"null","null","null","22702.5"
"null","null","null","5944"
"null","null","null","13030"
"null","null","null","23563"
"null","null","null","16807.5"
"null","null","null","5821"
"null","null","null","2920"
"null","null","null","1000"
"null","null","null","4907"
"null","null","null","5357"
"null","null","null","2374"
"null","null","null","55238"
"null","null","null","5382.5"
"null","null","null","3000"
"null","null","null","150356"
"null","null","null","86430"
"null","null","null","120409"
"null","null","null","378253"
"null","null","null","2198"
